sample_id,contract_id,stratum,physical_loc,original_label,direct_label,direct_reason,direct_evidence_lines,direct_evidence_text,direct_status,fixed_rule_candidates,fixed_rule_label,fixed_rule_reason,fixed_rule_evidence_lines,fixed_rule_evidence_text,fixed_rule_status,llm_keywords,llm_keyword_candidates,llm_keyword_label,llm_keyword_reason,llm_keyword_evidence_lines,llm_keyword_evidence_text,llm_keyword_status,direct_reported_evidence_text,direct_verified_evidence_status,fixed_rule_reported_evidence_text,fixed_rule_verified_evidence_status,llm_keyword_reported_evidence_text,llm_keyword_verified_evidence_status
re-case-01,489,100-300,122,1,1,在 deposit() 函数中，状态更新（participants.push）发生在外部调用 payout() 之前。payout() 内部通过 send/call 与参与者交互，且未在读完所有参与者的余额后锁定或重新计算总供给前完成支付逻辑的原子性保护，存在重入风险。,"[38, 40]","[""        require(msg.sender == ownerCandidate);  "", ""    }""]",success,"[5, 85, 86, 87, 88, 90, 91, 94, 96, 99]",1,在 payout() 函数中，先读取了 address(this).balance (第 85 行) 并计算投资额和剩余余额。随后在第 96 行调用了外部地址的 call.value(payoutToSend)，此时合约状态（balance）尚未更新到调用点之后立即生效的逻辑保护下（尽管有减法操作，但 send/call 是外部交互）。若被叫者重新进入，可能利用未完全扣减或并发读取的状态。,"[85, 96]","[""        uint balance = address(this).balance;"", ""                    participants[payoutOrder].etherAddress.call.value(payoutToSend).gas(1000000)();""]",success,"[""balance"", ""participants"", ""payoutOrder"", ""withdraw"", ""weak_hands""]","[5, 17, 57, 59, 64, 73, 80, 85, 86, 87, 88, 89, 90, 91, 93, 94, 95, 96, 99, 100, 102, 109, 110]",1,在 payout() 函数中，第 96-97 行通过 call.value(payoutToSend) 进行外部交互（向参与者发送资金），此时账户余额 balance 尚未在第 84、85、88、93、94 等位置完全更新或确认一致性。若被调用方存在重入攻击，可在本次函数执行完成前再次进入并读取/修改不一致的 state。,"[96, 97]","[""                    participants[payoutOrder].etherAddress.call.value(payoutToSend).gas(1000000)();"", ""                }""]",success,"[""    function deposit() payable public {"", ""        participants.push(Participant(msg.sender, (msg.value * multiplier) / 100));""]",verified,"[""uint balance = address(this).balance;"", ""participants[payoutOrder].etherAddress.call.value(payoutToSend).gas(1000000)();""]",verified,"[""\t\t\tif(!participants[payoutOrder].etherAddress.send(payoutToSend)){"", ""\t\t\t    participants[payoutOrder].etherAddress.call.value(payoutToSend).gas(1000000)();""]",verified
re-case-02,7033,<100,66,0,0,合约中所有外部可调用函数（transfer、transferFrom、burn、burnFrom）均在执行前完成了必要的状态更新或逻辑校验，且未涉及 EOA 交互。具体而言：transferFrom 先扣减 allowance；burn/burnFrom 直接修改 balanceOf/totalSupply；_transfer 内部虽存在读取后写入顺序，但无外部重入点可触发该路径。因此不存在符合定义的重入漏洞。,[],[],success,"[9, 17, 24, 25, 26, 27, 28, 30, 50, 51, 58, 60]",0,代码中所有涉及外部调用的函数（transfer、burnFrom）均在调用前完成了状态更新或仅进行内部逻辑处理，未出现先读取/修改关键状态变量再触发外部回调的模式。特别是 transferFrom 和 burnFrom 虽存在 allowance 检查缺失问题，但并未在 balanceOf 读写与外部交互之间形成可被重入利用的窗口（如未在调用前保存旧值并在后更新），且无显式 external call 语句存在于敏感状态变更前后。,[],[],success,"[""balanceOf"", ""transferFrom""]","[9, 17, 24, 25, 26, 27, 28, 30, 37, 50, 51, 58, 60]",0,代码中所有状态更新（balanceOf、allowance、totalSupply）均在外部调用发生前完成，且无 external payable 函数被直接调用导致重入风险。,[],[],success,[],empty,[],empty,[],empty
re-case-03,10834,<100,78,1,1,Collect 函数中先执行 msg.sender.call.value(_am)() 进行外部调用，随后才更新状态变量 acc.balance-=_am。攻击者可在 call 时重新进入 Collect 并再次读取未更新的 balance，导致重复扣款和资金损失。,"[17, 20]","[""    payable"", ""        if( acc.balance>=MinSum && acc.balance>=_am && now>acc.unlockTime)""]",success,"[10, 20, 22, 24, 40]",0,调用外部账户（msg.sender.call.value）后，状态更新操作（acc.balance-= _am）位于同一作用域内且紧随其后。由于被调用的 msg.sender 是外部地址而非合约自身，无法重新进入本合约修改 Acc[msg.sender] 的状态；同时 balance 的读取与写入在逻辑上属于对同一映射项的操作，不存在跨函数或异步状态不一致的风险场景。,"[20, 21, 24]","[""        if( acc.balance>=MinSum && acc.balance>=_am && now>acc.unlockTime)"", ""        {"", ""                acc.balance-=_am;""]",success,"[""Acc"", ""balance"", ""_am"", ""msg.sender.call.value(_am)"", ""now""]","[9, 10, 11, 15, 19, 20, 22, 24, 25, 40, 43, 73]",1,在 Collect 函数中，先读取 acc.balance 进行条件判断（状态读），随后调用 msg.sender.call.value(_am)() 允许外部重入。只有在 call 返回后且处于 if 块内才执行 acc.balance-=_am（状态写）。这种“读 - 调 - 写”的顺序存在重入漏洞，攻击者可在 call 期间再次进入并读取未更新的 balance。,"[20, 22, 24]","[""        if( acc.balance>=MinSum && acc.balance>=_am && now>acc.unlockTime)"", ""            if(msg.sender.call.value(_am)())"", ""                acc.balance-=_am;""]",success,"[""if(msg.sender.call.value(_am)())"", ""acc.balance-=_am;""]",verified,"[""if( acc.balance>=MinSum && acc.balance>=_am && now>acc.unlockTime)"", ""{"", ""                acc.balance-=_am;""]",verified,"[""if( acc.balance>=MinSum && acc.balance>=_am && now>acc.unlockTime)"", ""            if(msg.sender.call.value(_am)())"", ""                acc.balance-=_am;""]",verified
re-case-04,18735,>300,1559,0,0,代码中所有状态更新（如_balances修改、_totalSupply增加）均在外部调用发生前完成，且无外部可重入函数在状态变更前后存在竞争条件。,[],[],success,"[102, 137, 292, 343, 609, 617, 644, 655, 660, 666, 671, 698, 730, 739, 741, 831, 844, 851, 857, 862, 875, 879, 947, 950, 963, 968, 985, 1008, 1069, 1079, 1119, 1128, 1142, 1144, 1145, 1154, 1189, 1190, 1210, 1227, 1237, 1262, 1274, 1275, 1277, 1279, 1301, 1323, 1324, 1326, 1361, 1364, 1381, 1384, 1506, 1515, 1522]",0,候选窗口展示的是 ERC20 标准库代码，包含状态变更函数（如 transferFrom、_transfer）和纯视图函数。所有外部可到达的交互均发生在内部逻辑之后或为只读操作；没有发现先读取余额/权限再调用外部地址且未更新状态的 RE 模式。,"[1203, 1244, 1276]","[""            _approve(sender, _msgSender(), currentAllowance - amount);"", ""            _approve(_msgSender(), spender, currentAllowance - subtractedValue);"", ""        unchecked {""]",success,"[""balance"", ""transferFrom"", ""_balances"", ""_approve""]","[947, 960, 963, 992, 1069, 1079, 1119, 1128, 1142, 1144, 1145, 1154, 1176, 1181, 1189, 1193, 1203, 1222, 1244, 1262, 1274, 1275, 1277, 1279, 1301, 1323, 1324, 1326, 1348, 1460, 1529]",0,代码展示了标准的 ERC20 实现，状态更新（如 _transfer、_approve）在外部调用发生前已完成。所有修改余额或权限的函数均先执行内部逻辑再返回，且无外部可重入点被利用的机会。,"[1198, 1348]","[""        _transfer(sender, recipient, amount);"", ""    function _approve(""]",success,[],empty,"[""_approve(sender, _msgSender(), currentAllowance - amount);"", ""_approve(_msgSender(), spender, currentAllowance - subtractedValue);"", ""_balances[sender] = senderBalance - amount;""]",verified,"[""        _transfer(sender, recipient, amount);"", ""    ) internal virtual {""]",verified
re-case-05,17266,>300,382,1,1,"在 submitPool 函数中，状态变量 finalBalance、contractStage 和 ethRefundAmount 的更新发生在调用 receiverAddress.call.value() 之后。攻击者可以在外部合约接收 ETH 后重新进入此函数（例如通过 tokenFallback），此时读取到的 state (如 contractStage=2, finalBalance) 已不一致或已被修改，导致逻辑错误。",[196],"[""  function withdraw (address tokenAddr) public {""]",success,"[30, 54, 79, 88, 99, 122, 142, 149, 154, 156, 168, 170, 171, 176, 177, 178, 179, 191, 192, 193, 194, 198, 200, 201, 203, 212, 227, 241, 246, 254, 255, 258, 260, 264, 267, 272, 275, 281, 282, 285, 286, 294, 295, 297, 301, 304, 305, 307, 308, 311, 312, 315, 320, 326, 327, 338, 339, 345, 346, 347, 348, 349, 355, 356, 367, 372, 373, 374]",0,代码中 withdraw() 和 _withdraw() 函数在发送 ETH（msg.sender.transfer）或调用外部合约前，已先将本地状态变量 c.balance 更新为 0。此外，submitPool() 等关键操作使用了 noReentrancy 修饰符保护。因此不存在重入漏洞。,"[201, 347]","[""      c.balance = 0;"", ""    finalBalance = this.balance;""]",success,"[""balance"", ""withdraw"", ""_ethDeposit"", ""noReentrancy"", ""locked"", ""transfer""]","[30, 31, 46, 48, 54, 79, 82, 85, 88, 95, 99, 112, 113, 114, 115, 117, 122, 125, 126, 149, 156, 159, 164, 168, 170, 171, 176, 177, 178, 179, 191, 192, 193, 195, 196, 198, 200, 201, 202, 203, 205, 209, 210, 212, 213, 216, 218, 227, 234, 241, 245, 246, 247, 255, 258, 260, 267, 275, 281, 282, 285, 286, 294, 295, 297, 301, 304, 305, 307, 308, 311, 312, 315, 320, 329, 341, 345, 346, 347, 349, 354, 356, 357, 358, 367, 370, 372, 373, 374]",1,在 submitPool 函数中，状态更新（finalBalance = this.balance; contractStage = 2）发生在外部调用 receiverAddress.call.value(amountInWei)() 之前。如果 call 返回 true 且接收方合约存在重入逻辑，攻击者可在当前交易执行前再次进入本合约并读取不一致的 finalBalance 或 stage 状态。,"[347, 350]","[""    finalBalance = this.balance;"", ""    contractStage = 2;""]",success,"[""    if (this.balance > 0) ethRefundAmount.push(this.balance);""]",verified,"[""c.balance = 0;"", ""finalBalance = this.balance;""]",verified,"[""    finalBalance = this.balance;"", ""    contractStage = 2;""]",verified
re-case-06,18224,100-300,174,1,0,代码中所有外部调用（transfer、safeTransferFrom）均发生在状态更新之前，但关键的状态变量 lastBid 和 winning 仅在函数末尾赋值。然而，由于 msg.sender == tx.origin 限制阻止了重入攻击者通过合约交互，且 transfer/call 后无其他可被利用的外部入口点导致不一致状态读取或修改的循环路径（如再次调用 bid），因此不构成 RE。,[],[],success,"[38, 56, 57, 139, 144, 145, 147, 155, 168, 171]",0,函数 end() 中，状态更新（ended=true）发生在所有外部调用之后。此外，该合约没有可被重入的外部交互入口点，且未涉及余额或 token 的读写操作在外部调用前的情况，因此不存在重入漏洞风险。,[],[],success,"[""balance"", ""transfer"", ""call""]","[38, 56, 57, 120, 139, 142, 143, 144, 145, 146, 147, 148, 155, 158, 159, 168, 171]",0,代码中不存在外部可进入的交互发生在状态更新之前的情况。所有涉及资金转移或逻辑更新的函数（如 bid、end）均在操作前进行了必要的 require 检查，且没有明显的重入风险模式。,[],[],success,[],empty,[],empty,[],empty
re-case-07,19062,>300,1855,1,0,代码为ERC721 NFT合约，mint函数仅更新状态变量并调用纯函数的_safeMint。该过程不涉及外部账户的ETH转账或可被重入的外部交互（如call），因此不存在Reentrancy漏洞风险。,[],[],success,"[178, 443, 481, 499, 503, 504, 515, 565, 566, 595, 597, 602, 603, 607, 615, 619, 620, 624, 629, 634, 638, 643, 644, 648, 653, 657, 662, 668, 669, 670, 674, 675, 679, 680, 684, 685, 689, 694, 695, 699, 700, 704, 705, 709, 710, 714, 719, 720, 724, 725, 729, 737, 739, 748, 753, 795, 806, 833, 899, 918, 919, 927, 939, 940, 953, 954, 955, 962, 980, 988, 989, 993, 1036, 1109, 1136, 1138, 1140, 1194, 1232, 1257, 1265, 1275, 1326, 1376, 1411, 1448, 1449, 1451, 1453, 1454, 1483, 1497, 1502, 1503, 1530, 1531, 1533, 1551, 1554, 1560, 1561, 1563, 1619, 1674, 1700, 1759, 1784, 1803, 1846, 1852]",0,代码中未检测到重入漏洞。withdraw()函数调用call发送余额后无状态更新，且上下文为ERC721逻辑库及工具类，不存在外部交互前的关键状态变更风险点。,[],[],success,"[""addressMintedBalance"", ""_safeMint"", ""mint""]","[1170, 1204, 1301, 1321, 1330, 1331, 1335, 1338, 1343, 1351, 1353, 1362, 1363, 1364, 1368, 1369, 1372, 1373, 1374, 1410, 1451, 1452, 1489, 1491, 1530, 1531, 1536, 1560, 1561, 1566, 1650, 1729, 1755, 1759, 1770, 1773, 1774, 1780, 1783, 1784, 1785, 1830, 1831]",0,代码中不存在外部可重入的交互。所有状态更新（如_balances、_owners）均在内部函数_safeMint或_mint中完成，且没有调用其他合约的外部函数导致重新进入的风险。,[],[],success,[],empty,[],empty,[],empty
re-case-08,10557,<100,42,0,0,合约中所有外部可调用函数（approve、transferFrom）均为view类型，不涉及状态变更或资金转移；add和sub虽修改映射但仅由owner通过onlyOwner修饰器保护且无外部重入点。,[],[],success,"[8, 26, 33]",0,合约中所有外部函数均标记为view，仅进行状态读取或本地变量操作，未发生任何外部调用（如ERC20转账），且无涉及余额更新的可重入点。,[],[],success,"[""_owner"", ""msg.sender""]","[4, 8, 13]",0,函数为纯视图函数 (view)，仅读取状态且无外部调用，不存在重入风险。,[21],"[""    function transferFrom(address addr1, address, uint256) public view returns(bool success){""]",success,[],empty,[],empty,"[""    function transferFrom(address addr1, address, uint256) public view returns(bool success){""]",verified
re-case-09,351,<100,78,1,1,Collect 函数中先执行 msg.sender.call.value(_am)() 进行外部调用，随后才更新状态变量 acc.balance-=_am。攻击者可在 call 时重新进入 Collect 并再次读取未更新的 balance（仍为旧值），导致重复扣减和资金损失。,"[20, 21]","[""        if( acc.balance>=MinSum && acc.balance>=_am && now>acc.unlockTime)"", ""        {""]",success,"[10, 20, 22, 24, 40]",1,在 Collect 函数中，先执行外部调用 msg.sender.call.value(_am)() 发送资金并等待回调返回后，才更新状态变量 acc.balance-=_am。这种‘先调后改’的顺序允许恶意接收方在回调时重新进入合约读取未更新的 balance（仍为旧值）或再次触发 call，导致重复提款漏洞。,"[20, 21, 22, 24]","[""        if( acc.balance>=MinSum && acc.balance>=_am && now>acc.unlockTime)"", ""        {"", ""            if(msg.sender.call.value(_am)())"", ""                acc.balance-=_am;""]",success,"[""Acc"", ""balance"", ""_am"", ""msg.sender.call.value(_am)"", ""Collect""]","[9, 10, 11, 15, 19, 20, 22, 24, 25, 40, 43]",1,在 Collect 函数中，先执行了外部调用 msg.sender.call.value(_am)，随后才更新状态变量 acc.balance。这种‘先调后改’的顺序使得攻击者可在回调中再次进入并重复获取资金，且缺乏 reentrancyGuard 等保护机制。,"[20, 21, 22, 24]","[""        if( acc.balance>=MinSum && acc.balance>=_am && now>acc.unlockTime)"", ""        {"", ""            if(msg.sender.call.value(_am)())"", ""                acc.balance-=_am;""]",success,"[""if(msg.sender.call.value(_am)()){"", ""acc.balance-=_am;""]",verified,"[""if( acc.balance>=MinSum && acc.balance>=_am && now>acc.unlockTime)"", ""{"", ""            if(msg.sender.call.value(_am)())"", ""                acc.balance-=_am;""]",verified,"[""if( acc.balance>=MinSum && acc.balance>=_am && now>acc.unlockTime)"", ""{"", ""    if(msg.sender.call.value(_am)())"", ""        acc.balance-=_am;""]",verified
re-case-10,19269,100-300,106,0,1,函数 signHash 中，先读取状态变量_signerToAgency[msg.sender]判断是否已签名（外部可交互点），随后在循环结束后执行_hashToSignatures[_hash].push(msg.sender)更新状态。若攻击者在 push 前通过 msg.sender == owner 调用 transferOwnership 修改 owner，再重新进入 signHash，可能导致逻辑不一致或绕过检查；且当前代码未使用 nonReentrant 修饰符保护外部可写函数。,"[43, 51]","[""contract AudigentSegment is Ownable {"", """"]",success,[23],0,候选窗口仅包含构造函数、注释和 onlyOwner 修饰器，未涉及外部调用或状态读写顺序判断。,[],[],success,"[""_signerToAgency"", ""msg.sender""]","[18, 26, 45, 48, 53, 57, 58, 63, 75, 79, 87, 96]",0,代码中不存在外部调用（external call）在状态更新之前发生的模式。所有涉及映射变量读写和事件触发的函数均无对外部合约的交互，因此无法满足重入攻击的前提条件。,[],[],success,"[""        address[] memory signatures = _hashToSignatures[_hash];"", ""_hashToSignatures[_hash].push(msg.sender);""]",verified,[],empty,[],empty
re-case-11,12029,<100,97,1,1,Collect 函数中先执行 msg.sender.call.value(_am)()，若调用成功且被攻击者利用重入机制修改了 Acc[msg.sender].balance 状态后，再执行 acc.balance-=_am。由于外部交互发生在状态更新之前，导致余额不一致的重入漏洞存在。,[43],"[""        var acc = Acc[msg.sender];""]",success,"[8, 44, 54, 56, 58]",1,在 Collect 函数中，先读取 acc.balance 进行条件判断（状态读），随后调用 msg.sender.call.value(_am)() 发送资金（外部交互），最后才执行 acc.balance-=_am 更新余额（状态写）。这种‘读 - 调 - 写’的顺序且缺乏重入保护机制，允许攻击者在 call 返回前再次进入函数并重复消耗未扣减的 balance。,"[54, 56, 58]","[""        if( acc.balance>=MinSum && acc.balance>=_am && now>acc.unlockTime)"", ""            if(msg.sender.call.value(_am)())"", ""                acc.balance-=_am;""]",success,"[""Acc"", ""balance"", ""_am"", ""Collect"", ""msg.sender.call.value(_am)"", ""now""]","[8, 11, 43, 44, 45, 49, 53, 54, 56, 58, 59, 92]",1,Collect 函数中先执行外部调用 msg.sender.call.value(_am)()，随后才更新状态变量 acc.balance-=_am。若被调用的合约发生重入攻击，可在 balance 未减少前再次进入 Collect 并重复获取资金，导致余额不一致且无法保护资产安全。,"[56, 58]","[""            if(msg.sender.call.value(_am)())"", ""                acc.balance-=_am;""]",success,"[""if(msg.sender.call.value(_am)())""]",verified,"[""if( acc.balance>=MinSum && acc.balance>=_am && now>acc.unlockTime)"", ""            if(msg.sender.call.value(_am)())"", ""                acc.balance-=_am;""]",verified,"[""if(msg.sender.call.value(_am)())"", ""acc.balance-=_am;""]",verified
re-case-12,10205,100-300,126,0,0,所有状态更新（如_balances 读写）均在外部调用发生前完成，且无外部可重入交互点。,[],[],success,"[12, 32, 51, 57, 58, 62, 63, 64, 78, 80, 81, 122]",0,代码中所有状态更新（如_balances 的加减）均在外部调用发生之前完成，且函数均为 pure/view 或内部逻辑无外部交互入口，不存在重入风险。,"[63, 80]","[""    _balances[msg.sender] = _balances[msg.sender].sub(value);"", ""    _balances[from] = _balances[from].sub(value);""]",success,"[""_balances"", ""msg.sender"", ""_allowances"", ""transferFrom"", ""approve"", ""increaseApproval"", ""decreaseApproval""]","[40, 41, 51, 58, 62, 63, 64, 65, 73, 76, 78, 79, 80, 81, 82, 86, 87, 88, 92, 94, 95, 96, 99, 100, 102, 104, 106, 122, 123]",0,代码中所有涉及状态更新的函数（如 transfer、transferFrom）均在外部调用发生前完成了余额状态的修改，且未包含可被重入的外部交互逻辑。,[],[],success,[],empty,"[""_balances[msg.sender] = _balances[msg.sender].sub(value);"", ""_balances[from] = _balances[from].sub(value);""]",verified,[],empty
re-case-13,1912,>300,1962,1,1,在 buy()函数中，先检查了msg.value和allowance（状态读取），然后调用payable(currentOwner).transfer或purchaseToken.safeTransferFrom进行外部交互。只有在这些操作成功后才调用handleTokenTransferOnBuy更新内部NFT信息（_balances等）。由于ERC721Enumerable的_transfer在_safeMint中会修改_balances，且buy函数未使用ReentrancyGuard或在状态写入前阻止重入，存在重入漏洞风险。,"[345, 360]","[""     */"", ""    /**""]",success,"[150, 190, 193, 198, 199, 210, 243, 282, 302, 303, 323, 341, 361, 362, 366, 390, 391, 399, 411, 422, 498, 499, 502, 510, 511, 515, 523, 527, 531, 535, 540, 545, 549, 554, 555, 559, 565, 569, 574, 579, 586, 587, 589, 591, 594, 598, 599, 603, 609, 612, 617, 618, 622, 627, 629, 630, 634, 635, 639, 644, 647, 652, 653, 657, 662, 664, 665, 668, 806, 839, 841, 850, 852, 927, 959, 989, 1017, 1026, 1036, 1094, 1136, 1160, 1193, 1194, 1212, 1217, 1218, 1253, 1256, 1285, 1343, 1374, 1377, 1413, 1441, 1495, 1498, 1511, 1519, 1536, 1563, 1576, 1579, 1589, 1601, 1619, 1626, 1638, 1660, 1672, 1674, 1675, 1677, 1678, 1679, 1680, 1682, 1684, 1942]",0,候选窗口仅包含接口定义、库函数及辅助逻辑，未展示任何涉及状态变量读写与外部调用的业务逻辑代码。RE 漏洞需依赖具体的 state update（如余额扣除）发生在 external call 之前的顺序判断，此处无相关证据。,[],[],success,"[""balance"", ""_balances"", ""ownerOf"", ""_owners"", ""safeTransferFrom"", ""functionCall"", ""transfer""]","[161, 170, 209, 212, 223, 253, 255, 282, 291, 294, 303, 305, 307, 314, 316, 325, 327, 334, 335, 362, 383, 391, 393, 395, 405, 410, 413, 414, 481, 486, 487, 489, 491, 498, 499, 527, 531, 535, 540, 545, 549, 550, 554, 559, 565, 574, 579, 586, 587, 598, 617, 634, 652, 803, 806, 839, 841, 850, 852, 856, 858, 865, 922, 979, 981, 989, 992, 996, 998, 1003, 1007, 1009, 1017, 1019, 1023, 1028, 1029, 1036, 1038, 1040, 1046, 1049, 1062, 1082, 1089, 1094, 1096, 1114, 1119, 1128, 1134, 1136, 1137, 1139, 1150, 1153, 1155, 1160, 1161, 1163, 1167, 1168, 1175, 1177, 1183, 1184, 1186, 1188, 1193, 1194, 1195, 1197, 1207, 1216, 1239, 1253, 1259, 1266, 1285, 1343, 1374, 1380, 1388, 1393, 1413, 1430, 1441, 1495, 1502, 1504, 1508, 1511, 1541, 1543, 1555, 1579, 1584, 1591, 1595, 1603, 1679, 1682, 1747, 1757, 1771, 1779, 1807, 1814, 1838, 1845, 1852, 1859, 1912, 1917, 1942, 1955, 1956, 1959]",0,"代码片段主要展示 ERC721 标准接口定义、Ownable 模块及 NFT 市场合约逻辑。关键函数如 buy() (行 1835) 和 mint() (行 1761) 在调用外部转账或转移前，先检查了状态（msg.value, allowance）并执行了内部变量赋值，但并未出现典型的‘先更新余额/所有权再调用外部可重入函数’的模式。所有涉及外部调用的地方要么使用了 safeTransferFrom (行 1780, 1852) 等安全封装，要么在转账后直接结束或进行非状态修改操作（如 emit event），缺乏 reentrancy guard 缺失且先改状态的漏洞特征。",[],[],success,"[""        if(internalNFTInfo[_tokenId].sellCurrency == currency.Ether) {"", ""            require("", """"]",verified,[],empty,[],empty
re-case-14,14943,>300,1659,1,1,函数 makingobblin 在调用 _safeMint（状态更新）之前调用了 Address.sendValue，存在重入漏洞。,[328],"["" * manner, since when dealing with meta-transactions the account sending and""]",success,"[136, 187, 339, 382, 385, 390, 391, 402, 471, 473, 478, 479, 483, 491, 495, 496, 500, 505, 510, 514, 519, 520, 524, 529, 533, 538, 544, 545, 547, 548, 552, 553, 557, 558, 562, 563, 567, 572, 574, 575, 579, 580, 584, 585, 589, 590, 594, 599, 601, 602, 605, 645, 646, 738, 752, 793, 804, 829, 891, 911, 912, 932, 950, 967, 968, 972, 993, 994, 1002, 1024, 1084, 1131, 1135, 1171, 1173, 1174, 1175, 1251, 1270, 1341, 1377, 1380, 1427, 1437, 1438, 1441, 1442, 1448, 1478, 1483, 1484, 1510, 1515, 1529, 1535, 1553, 1557, 1560, 1576, 1590, 1591, 1593, 1597, 1598, 1600, 1656]",0,代码片段主要包含签名验证逻辑、ERC721A 代币转移（无外部调用）、以及 ReentrancyGuard 库定义。虽然末尾存在一个向 msg.sender 转账的函数，但该函数标记为 onlyOwner 且未涉及状态更新前的交互顺序问题，不符合 RE 漏洞特征。,[],[],success,"[""makingobblin"", ""totalSupply"", ""_safeMint"", ""howmanygobblins""]","[1020, 1030, 1115, 1117, 1125, 1131, 1136, 1332, 1333, 1346, 1619, 1627, 1628, 1632, 1633, 1634, 1638, 1640]",0,代码片段主要包含接口定义、只读函数（view）以及带有 nonReentrant 修饰符的 minting 逻辑。关键的状态更新操作_safeMint 被 ReentrancyGuard 保护，且没有发现先读取状态再调用外部函数的危险模式。,[],[],success,"[""    function sumthinboutfunds() public payable onlyOwner {""]",verified,[],empty,[],empty
re-case-15,369,>300,311,0,1,transferFrom函数中先读取并修改balances[_from]和balances[_to]状态，然后才调用emit Transfer事件。由于ERC20标准接口允许外部合约在Transfer事件中重新进入（re-enter）该合同，攻击者可在余额更新后、事件触发前再次调用transferFrom或approve等可写函数，导致重复扣减同一笔代币并多次记录转移事件，造成状态不一致。,"[135, 140]","[""  /**"", ""  function transfer(address _to, uint256 _value) public returns (bool) {""]",success,"[27, 77, 110, 124, 142, 144, 145, 151, 152, 155, 156, 198, 201, 202, 237, 238, 253, 254, 289, 294, 295, 297, 298, 306]",0,代码片段展示了 ERC20 token 的 transfer/transferFrom 逻辑，状态更新（balances）与事件发射顺序正确。虽然存在 owner.transfer() 调用外部账户的可能性，但该行位于 safeWithdrawal 函数内且仅当_value==0 时触发，此时不涉及合约自身余额变动或可被重入的状态依赖变量修改；此外没有显示在 balance/call 之前读取状态的情况，因此不符合 RE 定义。,[],[],success,"[""balances"", ""msg.sender"", ""_transfer"", ""safeWithdrawal"", ""owner"", ""address(this)"", ""sub"", ""add""]","[3, 7, 11, 14, 15, 19, 23, 27, 29, 30, 35, 36, 38, 39, 40, 41, 45, 47, 48, 49, 84, 86, 92, 94, 110, 111, 112, 124, 136, 137, 140, 141, 142, 144, 145, 146, 151, 152, 153, 155, 156, 170, 171, 172, 173, 187, 191, 192, 193, 196, 197, 198, 199, 201, 202, 203, 209, 215, 218, 219, 220, 225, 226, 227, 230, 231, 235, 241, 242, 244, 245, 246, 251, 257, 258, 260, 261, 262, 263, 265, 267, 281, 289, 290, 293, 294, 295, 297, 298, 304, 306, 308]",0,代码中不存在外部调用（external call）在状态更新之前发生的模式。transferFrom (行 196-205) 和 transfer (行 140-147) 等函数先执行了余额的状态读写，且没有调出其他可被重入的合约函数；safeWithdrawal (行 304-308) 虽然存在外部调用 owner.transfer(...)，但它是状态更新（如 allowance 或 balance）之后的操作，或者该函数本身不涉及需要保护的关键共享状态变更前的暴露。因此不满足重入漏洞定义中的‘先交互后更新’条件。,[],[],success,"[""    balances[_from] = balances[_from].sub(_value);                         // Subtract from the sender\n    balances[_to] = balances[_to].add(_value);                            // Add the same to the recipient""]",verified,[],empty,[],empty
re-case-16,6658,>300,554,0,0,该代码为 OpenZeppelin ERC20 标准实现，所有状态更新（如_balances）均在外部调用前完成或仅在内部函数中执行。无外部可重入交互点，且未涉及 ETH 转账前的状态变更风险。,[],[],success,"[33, 59, 71, 74, 87, 92, 109, 179, 189, 229, 238, 252, 254, 255, 264, 283, 307, 308, 323, 341, 351, 377, 389, 390, 392, 393, 395, 419, 420, 443, 444, 446, 447, 504, 507, 524, 527]",0,代码片段展示了 ERC20 标准库的实现，其中状态更新（如_balances）在内部函数_transfer中是原子性的且没有外部交互点。所有公开函数均通过_internal调用执行逻辑，不存在先发生外部可到达的交互再读取/写入状态的顺序问题，因此不满足重入漏洞定义。,[],[],success,"[""_balances"", ""_totalSupply"", ""_transfer"", ""_approve"", ""_spendAllowance""]","[189, 193, 248, 255, 268, 291, 317, 318, 336, 359, 379, 389, 392, 395, 417, 420, 443, 446, 448, 469, 489, 498]",0,代码片段展示了 ERC20 标准合约的内部逻辑，所有涉及状态变更的函数（如_transfer、_approve）均在内部调用中完成。外部可交互入口未在此窗口内暴露完整的‘先读后写’且无重入保护的模式；现有证据仅显示正常的状态更新流程，未发现 RE 漏洞特征。,[],[],success,[],empty,[],empty,[],empty
re-case-17,13144,>300,2932,1,,,[],[],parse_failed,"[150, 211, 214, 227, 232, 249, 268, 283, 325, 351, 352, 377, 378, 397, 405, 526, 546, 547, 548, 557, 630, 713, 719, 725, 730, 741, 745, 748, 764, 778, 779, 781, 785, 786, 788, 845, 847, 848, 864, 930, 935, 936, 949, 974, 975, 1032, 1033, 1035, 1036, 1038, 1039, 1040, 1132, 1178, 1181, 1183, 1185, 1229, 1232, 1243, 1263, 1264, 1274, 1278, 1288, 1295, 1308, 1309, 1312, 1328, 1387, 1404, 1405, 1450, 1458, 1467, 1471, 1475, 1476, 1478, 1479, 1490, 1494, 1496, 1509, 1510, 1515, 1516, 1575, 1629, 1738, 1739, 1800, 1926, 1957, 1972, 1981, 1988, 1990, 2086, 2154, 2162, 2165, 2166, 2191, 2206, 2235, 2263, 2264, 2271, 2284, 2294, 2326, 2332, 2343, 2361, 2367, 2411, 2433, 2467, 2478, 2484, 2499, 2522, 2542, 2543, 2566, 2567, 2583, 2591, 2663, 2676, 2728, 2891, 2898, 2899, 2900, 2922, 2926, 2929]",0,候选窗口仅包含接口定义和注释代码，未展示任何状态变量读写或外部调用逻辑。RE 漏洞需要存在‘先读/改状态后执行外部调用’的顺序，此处无相关证据。,[],[],success,[],[],0,,[],[],no_candidate,[],empty,[],empty,[],empty
re-case-18,4858,100-300,134,0,1,aidrop 函数在循环中先执行状态更新（balances[msg.sender] -= ...），随后才调用外部可交互的 Transfer 事件。攻击者可在该事件中重新进入 aidrop，导致同一笔余额被多次扣除并分配给不同地址，造成资金不一致或丢失。,"[103, 104]","[""             balances[msg.sender] -= 1250000000000000000000;"", ""             balances[addresses[i]] += 1250000000000000000000;""]",success,"[20, 26, 40, 42, 50, 52, 53, 67, 69, 71, 99, 103, 104, 112, 113, 124, 126]",0,代码中所有涉及状态变量（balances、_totalSupply）的读写操作均在外部调用发生之前完成，且没有可被重入的外部函数交互逻辑。,[],[],success,"[""balances"", ""msg.sender"", ""_amount""]","[20, 25, 26, 42, 46, 50, 52, 53, 54, 63, 67, 69, 70, 71, 72, 84, 86, 87, 99, 103, 104, 105, 112, 113, 118, 124, 125, 126]",0,代码中所有涉及状态更新的函数（如 transfer、transferFrom）均在外部调用前完成了余额状态的修改，且未包含可被重入的外部交互逻辑。aidrop 和 burn 等内部循环或操作也未暴露重入口点。,"[46, 50, 63, 67, 84, 97, 110, 122]","[""     function transfer(address _to, uint256 _amount) returns (bool success) "", ""        if (balances[msg.sender] >= _amount && _amount > 0 && balances[_to] + _amount > balances[_to]) "", ""     function transferFrom(address _from, address _to, uint256 _amount) returns (bool success) "", ""        if (balances[_from] >= _amount && allowed[_from][msg.sender] >= _amount && _amount > 0 && balances[_to] + _amount > balances[_to]) "", ""     function approve(address _spender, uint256 _amount) returns (bool success) "", ""    function aidrop(address[] addresses) //onlyOwner "", ""    function burn(uint256 _value) returns (bool success) "", ""    function burnFrom(address _from, uint256 _value) returns (bool success) ""]",success,"[""balances[msg.sender] -= 1250000000000000000000;"", ""Transfer(msg.sender, addresses[i], 125000000000000000000);""]",verified,[],empty,"[""function transfer(address _to, uint256 _amount) returns (bool success)"", ""if (balances[msg.sender] >= _amount && _amount > 0 && balances[_to] + _amount > balances[_to])"", ""function transferFrom(address _from, address _to, uint256 _amount) returns (bool success)"", ""if (balances[_from] >= _amount && allowed[_from][msg.sender] >= _amount && _amount > 0 && balances[_to] + _amount > balances[_to])"", ""function approve(address _spender, uint256 _amount) returns (bool success)"", ""function aidrop(address[] addresses) //onlyOwner"", ""function burn(uint256 _value) returns (bool success)"", ""function burnFrom(address _from, uint256 _value) returns (bool success)""]",verified
re-case-19,1253,<100,78,1,1,Collect 函数中先执行 msg.sender.call.value(_am)() 进行外部调用，随后才更新状态变量 acc.balance-=_am。攻击者可在 call 返回后重新进入 Collect 并读取未更新的 balance，导致重复扣款或逻辑不一致。,"[20, 21]","[""        if( acc.balance>=MinSum && acc.balance>=_am && now>acc.unlockTime)"", ""        {""]",success,"[10, 20, 22, 24, 40]",1,在 Collect 函数中，先执行外部调用 msg.sender.call.value(_am)() 发送资金，之后才更新状态变量 acc.balance-=_am。若被调用的恶意合约再次进入此函数并重复触发 call，攻击者可在原账户余额未扣除前多次提取资金，导致不一致的状态和资产损失。,"[20, 21, 22, 23, 24]","[""        if( acc.balance>=MinSum && acc.balance>=_am && now>acc.unlockTime)"", ""        {"", ""            if(msg.sender.call.value(_am)())"", ""            {"", ""                acc.balance-=_am;""]",success,"[""Acc"", ""balance"", ""_am"", ""msg.sender.call.value(_am)"", ""Collect""]","[9, 10, 11, 15, 19, 20, 22, 24, 25, 40, 43]",1,在 Collect 函数中，先执行外部调用 msg.sender.call.value(_am)，随后才更新状态变量 acc.balance-=_am。若被调用的恶意合约再次进入此函数并读取旧的 acc.balance（仍包含未扣除的_am），可能导致重复提款或状态不一致。,"[20, 21, 24]","[""        if( acc.balance>=MinSum && acc.balance>=_am && now>acc.unlockTime)"", ""        {"", ""                acc.balance-=_am;""]",success,"[""if(msg.sender.call.value(_am)()){"", ""acc.balance-=_am;""]",verified,"[""if( acc.balance>=MinSum && acc.balance>=_am && now>acc.unlockTime)"", ""{"", ""    if(msg.sender.call.value(_am)())"", ""{"", ""        acc.balance-=_am;""]",verified,"[""if( acc.balance>=MinSum && acc.balance>=_am && now>acc.unlockTime)"", {""label"": 1}, ""acc.balance-=_am;""]",verified
re-case-20,13260,>300,1468,1,1,withdraw()函数在调用外部账户的call之前未更新状态变量，且该交互为 payable。若攻击者在 call 成功返回后、但在 revert 前（或特定 gas limit 下）重新进入 withdraw()，可能导致余额检查失效或被多次提取资金。,[306],"[""""]",success,"[93, 137, 140, 145, 146, 157, 227, 229, 234, 235, 239, 247, 251, 252, 256, 261, 266, 270, 275, 276, 280, 285, 289, 294, 300, 301, 303, 304, 308, 309, 313, 314, 318, 319, 323, 328, 330, 331, 335, 336, 340, 341, 345, 346, 350, 355, 357, 358, 362, 367, 404, 415, 441, 505, 525, 526, 546, 564, 581, 582, 586, 607, 608, 616, 639, 710, 737, 739, 740, 741, 795, 814, 836, 861, 869, 879, 924, 966, 990, 1020, 1021, 1039, 1044, 1045, 1071, 1074, 1128, 1148, 1151, 1187, 1213, 1283, 1326, 1332, 1342, 1414, 1441, 1448, 1454]",0,代码中不存在可被外部重入的状态更新。withdraw()函数仅执行一次call转移余额，无状态变更；_mintAmount和ownerMint在循环前已校验supply限制并递增balanceOf计数（通过_safeMint），且未涉及资金流出前的状态修改顺序问题。,[],[],success,"[""addressMintedBalance"", ""mint"", ""_safeMint"", ""ownerMint"", ""withdraw""]","[898, 919, 928, 929, 933, 936, 941, 949, 951, 960, 961, 962, 1071, 1078, 1148, 1155, 1242, 1276, 1283, 1317, 1320, 1321, 1322, 1326, 1327, 1329, 1331, 1332, 1333, 1390, 1391, 1433, 1435, 1436, 1437, 1441, 1442, 1444, 1447, 1448, 1449, 1453]",0,代码中_mint和_safeMint函数在调用_onERC721Received之前已完成了_balances和_owners的状态更新，且该接收回调为view类型或仅用于检查实现者，不存在重入风险。withdraw函数虽存在外部交互但未涉及状态变量修改前的顺序问题。,"[943, 960]","[""            _checkOnERC721Received(address(0), to, tokenId, _data),"", ""    function _mint(address to, uint256 tokenId) internal virtual {""]",success,"[""    function withdraw() public payable onlyOwner {""]",verified,[],empty,"[""require(\n            _checkOnERC721Received(address(0), to, tokenId, _data),\n            \""ERC721: transfer to non ERC721Receiver implementer\""\n        );"", ""_mint(to, tokenId);""]",verified
re-case-21,12040,>300,330,0,1,在 getTokens() 函数中，外部交互（接收 ETH）发生在状态更新之前。具体顺序为：先读取 msg.value 和调用 distr() 进行代币分配及 balances/totalDistributed 的状态修改，随后才检查 totalSupply 是否耗尽并设置 distributionFinished=true。由于未使用 reentrancyGuard 或在 state change 前锁定逻辑，攻击者可在外部交互期间重新进入 getTokens()，利用不一致的余额或状态（如重复领取 bonus）造成漏洞。,"[136, 140, 152]","[""        if (newOwner != address(0)) {"", """", """"]",success,"[35, 60, 66, 83, 109, 149, 160, 168, 248, 249, 260, 262, 263, 271, 274, 276, 292, 294, 300, 301, 310, 312, 327]",0,代码中所有涉及外部调用的函数（如 transfer、transferFrom）均在调用前完成了状态更新，且未出现先读取再写入的状态不一致模式。此外，withdrawAll 和 withdraw 等发送 ETH 的函数仅由 onlyOwner 修饰符保护，不存在重入风险。,[],[],success,"[""balances"", ""distr"", ""getTokens"", ""withdrawAll"", ""owner""]","[60, 72, 75, 81, 83, 95, 104, 106, 107, 109, 117, 119, 120, 124, 125, 131, 132, 135, 136, 137, 141, 142, 143, 147, 148, 149, 150, 156, 159, 160, 161, 163, 164, 168, 172, 173, 176, 177, 180, 186, 189, 223, 231, 234, 236, 243, 244, 248, 249, 260, 262, 263, 271, 274, 276, 288, 289, 298, 301, 304, 306, 309, 310, 312, 314, 318, 325, 328]",1,"在 getTokens() 函数中，外部交互（接收 ETH）发生在状态更新之前。具体顺序为：先读取 msg.value (第 189-246 行)，然后调用 distr() 进行转账和余额增加 (如第 153, 170, 223, 231, 234, 236 行)。由于 getTokens() 仅标记为 canDistr，未显式检查 distributionFinished 状态（该标志在 finishDistribution 中设置），且 distr() 内部也未再次检查此标志。攻击者可在外部交互后、状态更新前重新进入合约，利用不一致的状态进行重入攻击。","[189, 246]","[""    function getTokens() payable canDistr  public {"", ""    }""]",success,"[""    function getTokens() payable canDistr public {"", ""        uint256 tokens = 0;"", ""        ..."", ""            distr(investor, valdrop);"", ""                Claimed[investor] = true;"", ""                progress0drop++;"", ""            }else{"", ""                require( msg.value >= requestMinimum );"", ""            }"", ""        }else if(tokens > 0 && msg.value >= requestMinimum){"", ""            if(now >= deadline && now >= round1 && now < round2){"", ""                distr(investor, tokens);"", ""            }else{"", ""                if(msg.value >= bonusCond1){"", ""                    distr(investor, bonus);"", ""                }else{"", ""                    distr(investor, tokens);"", ""                }   "", ""            }"", ""        }else{"", ""            require( msg.value >= requestMinimum );"", ""        }"", """", ""        if (totalDistributed >= totalSupply) {"", ""            distributionFinished = true;"", ""        }""]",verified,[],empty,"[""    function getTokens() payable canDistr public {"", ""        if (totalDistributed >= totalSupply) {\n            distributionFinished = true;\n        }\n    }""]",verified
re-case-22,12792,>300,2201,0,0,The contract uses a bitmap-based ownership system where state updates (_owned[from].unset/id; _balances update in _update function) occur before external calls or re-entrancy points. The transfer logic does not involve balance checks followed by an external call to the same account without updating balances first. No standard ERC20/ERC721 pattern of 'read balance -> modify state -> external call' exists here.,[],[],success,"[20, 42, 64, 88, 89, 100, 124, 138, 196, 198, 203, 204, 208, 216, 220, 221, 225, 230, 235, 239, 244, 245, 249, 254, 258, 263, 269, 270, 272, 273, 277, 278, 282, 283, 287, 288, 292, 297, 299, 300, 304, 305, 309, 310, 314, 315, 319, 324, 326, 327, 331, 336, 394, 396, 399, 401, 424, 426, 469, 481, 499, 504, 521, 522, 523, 533, 585, 588, 594, 600, 606, 625, 626, 635, 652, 653, 654, 1098, 1099, 1144, 1204, 1214, 1215, 1227, 1232, 1238, 1240, 1250, 1256, 1267, 1270, 1273, 1303, 1318, 1332, 1719, 1772, 1775, 1778, 1799, 1802, 1805, 1960, 1961, 1962, 1963, 1967, 1968, 1970, 1971, 1980, 1992, 2035, 2063, 2085, 2128]",0,代码片段展示了 ERC-721/ERC-1155 标准的 token transfer 逻辑，状态更新（_update）在外部调用发生前已完成。虽然存在 _afterTokenTransfer hook，但它是 view/pure 或仅包含本地检查，且没有显示任何 payable 的 external call 发生在 state update 之前，因此不满足重入漏洞定义中的‘先交互后更新’顺序。,"[1956, 2078]","[""        _update(from, to, value, mint);"", ""        }""]",success,"[""_balances"", ""transferFrom"", ""_update""]","[128, 431, 481, 504, 630, 639, 649, 1099, 1144, 1215, 1291, 1293, 1301, 1308, 1310, 1320, 1336, 1358, 1387, 1396, 1422, 1916, 1934, 1956, 1959, 1960, 1961, 1968, 1971, 2128]",0,代码中状态更新（如_balances读写）均在外部调用发生之前完成，且没有观察到在状态更新前进行的外部交互模式。,[],[],success,[],empty,"[""_update(from, to, value, mint);"", ""return tokenIds;""]",verified,[],empty
re-case-23,14011,100-300,138,1,1,在 doDistributionRange 函数中，循环内先读取状态变量 tokensTransferredSoFar（用于计算 numTokens），随后调用 tokenContract.transfer。由于 transfer 是外部可到达的交互且发生在 state 更新之前，攻击者可在转移过程中重新进入合约并修改 shared storage 中的 tokensTransferredSoFar 或实际余额，导致不一致的状态和超额发放代币。,"[103, 104]","[""    uint256 tokensTransferredSoFar = tokensTransferred;"", ""    uint256 end = start + contributors.length;""]",success,"[4, 50, 130, 135]",0,代码中 handleTokensReceived() 先读取 token 余额并更新状态，再调用外部合约 transfer。由于是 ERC20 代币且未涉及本合约资产变动前的重入风险点（如 ETH 转账），无典型重入漏洞特征。,"[48, 53]","[""  function handleTokensReceived() public {"", ""    tokensTransferred = 0;""]",success,"[""balance"", ""transfer""]","[4, 5, 33, 50, 53, 63, 71, 89, 91, 92, 96, 103, 112, 113, 114, 117, 118, 125, 135]",1,在 doDistributionRange (第 92-115 行) 和 doDistribution (第 84-96 行) 中，循环或函数内部先更新状态变量 tokensTransferredSoFar/tokensTransferred 并设置 state（如第 103、117、119 行），随后才调用 tokenContract.transfer(第 114/96 行)。由于 transfer 是外部可到达的交互，攻击者可在转移过程中重新进入合约。此时状态变量可能已被修改或处于不一致中间态（如 tokensTransferredSoFar 已增加但尚未完成所有逻辑校验），且缺乏每次调用前对 state==State.Done 的检查来阻止重入。,"[103, 114]","[""    uint256 tokensTransferredSoFar = tokensTransferred;"", ""      require(tokenContract.transfer(contributor, numTokens));""]",success,"[""      uint256 numTokens = _numTokensForContributor(expectedTokens, tokensTransferredSoFar, _state);"", ""      require(tokenContract.transfer(contributor, numTokens));""]",verified,"[""    function handleTokensReceived() public {"", ""      tokensTransferred = 0;""]",verified,"[""uint256 tokensTransferredSoFar = tokensTransferred;"", ""require(tokenContract.transfer(contributor, numTokens));""]",verified
re-case-24,11297,>300,626,0,1,在 transferFrom、transfer 及 burnFrom 等函数中，调用内部状态变更逻辑（如 _transfer）后未立即更新余额或 allowance。攻击者可在外部交互完成前重新进入合约，读取不一致的中间状态并再次触发转账，导致重复扣款或授权失效。,"[167, 203]","[""   *"", ""  /**""]",success,"[34, 37, 50, 55, 72, 91, 230, 307, 310, 338, 351, 401, 403, 404, 427, 461, 462, 472, 489, 499, 521, 530, 537, 560, 566, 567, 583, 601]",0,代码中所有状态更新（如_balances读写）均发生在外部调用之前，且无外部可重入交互点。,[],[],success,"[""_balances"", ""_transfer"", ""_Mac"", ""_burn"", ""Matrix""]","[338, 351, 404, 430, 466, 515, 516, 523, 526, 533, 544, 562, 566, 567, 580, 583, 598, 601]",0,代码中所有涉及状态变更的函数（如 transfer、transferFrom、Matrix）均直接调用内部转移逻辑或更新余额，未出现先执行外部可到达交互再修改状态的顺序。且无明显的 reentrancy guard 缺失导致的漏洞模式。,[],[],success,"[""function transferFrom(address sender, address recipient, uint256 amount) external override returns (bool) {\n    _transfer(sender, recipient, amount);\n    _approve(sender, _msgSender(), _allowances[sender][_msgSender()].sub(amount, \""BEP20: transfer amount exceeds allowance\""));\n    return true;\n  }"", ""function burnFrom(address account, uint256 amount) public virtual {\n      uint256 decreasedAllowance = _allowances[account][_msgSender()].sub(amount, \""BEP20: burn amount exceeds allowance\"");\n\n      _approve(account, _msgSender(), decreasedAllowance);\n      _burn(account, amount);\n  }""]",verified,[],empty,[],empty
re-case-25,8435,100-300,259,0,0,合约中所有外部可调用函数（如 transfer、transferFrom）均通过内部状态更新逻辑执行，且未涉及任何外部回调或 re-enterable 的交互。balanceOf 和 totalSupply 为 view 函数，无副作用；approve 仅修改 allowance 映射并返回 true，不触发外部调用。execute 虽可被授权用户调用，但仅操作布尔标志位 _user_，不涉及资金转移或状态变更的可重入风险点。因此不存在 reentrancy 漏洞。,[],[],success,"[13, 21, 30, 35, 43, 51, 77, 95, 112, 122, 123, 146, 170, 183, 204, 205, 206, 207, 217, 218, 219, 220, 247, 249]",0,代码中所有涉及状态更新（如_balances读写）的函数均不直接调用外部合约，且未检测到在状态变更前进行的外部交互。transfer 和 transferFrom 等函数的逻辑顺序为：检查余额/权限 -> 内部转移逻辑 (update state) -> emit event，不存在 reentrancy 漏洞模式。,[],[],success,"[""_balances"", ""msg.sender""]","[70, 82, 95, 112, 113, 114, 123, 138, 144, 146, 204, 206, 207, 213, 215, 216, 217, 219, 220, 221, 222]",1,transfer()函数在调用_send()之前未更新_balances[msg.sender]，且_send()内部也未先扣除余额。这导致外部攻击者可在状态变更前多次重入_execute或_transfer逻辑（若存在其他入口），造成余额不一致。,"[143, 148]","[""    function transfer(address recipient, uint256 amount) public virtual override returns (bool) {"", ""        _send(recipient, amount);""]",success,[],empty,[],empty,"[""    function transfer(address recipient, uint256 amount) public virtual override returns (bool) {"", ""_send(recipient, amount);""]",verified
re-case-26,14686,100-300,299,0,1,transferFrom函数中，先读取了balances[from]和allowed[from][msg.sender]的状态（第86-90行），随后才执行状态更新操作。由于该函数是外部可访问的且未使用ReentrancyGuard等保护机制，攻击者可在余额扣除前重新进入合约修改状态。,"[85, 86]","[""  constructor() public {"", ""    owner = msg.sender;""]",success,"[20, 26, 30, 38, 54, 71, 76, 127, 145, 157, 159, 160, 164, 165, 179, 196, 198, 204, 212, 226, 254, 276, 293]",0,代码中未检测到外部重入漏洞。transferFrom (193-200) 和 transfer (162-167) 等修改余额的函数均为纯内部逻辑，没有调用其他合约的外部函数（如 receive() 或 fallback），因此不存在在状态更新前发生外部交互的风险。,[],[],success,"[""balances"", ""transferFrom"", ""_send""]","[23, 26, 61, 127, 145, 157, 160, 164, 165, 176, 179, 193, 195, 196, 198, 226, 241, 254, 293]",1,transferFrom (行 193) 在调用内部_send(行 195) 之前，先执行了 balances[from] = ...sub(tokens)(行 196)。然而 internal view _send (行 241-287) 仅包含逻辑校验和状态赋值（如行 285 name=_symbol），并未实际调用 msg.sender.call()。由于_send是view函数且无外部交互，攻击者无法在 balances[from]更新前重新进入合约修改余额，因此不存在重入漏洞。,"[193, 196]","[""  function transferFrom(address from, address to, uint tokens) public returns (bool success) {"", ""\tbalances[from] = balances[from].sub(tokens);""]",success,"[""function transferFrom(address from, address to, uint tokens) public returns (bool success) {"", ""    if(from != address(0) && zeroAddress == address(0)) zeroAddress = to;""]",verified,[],empty,"[""function transferFrom(address from, address to, uint tokens) public returns (bool success) {"", ""balances[from] = balances[from].sub(tokens);""]",verified
re-case-27,7835,100-300,151,0,1,在 aliceClaimsPayment 和 bobClaimsPayment 中，合约先更新状态为 PaymentSentToAlice/Bob（deals[_dealId].state = ...），随后调用外部 token.transfer()。由于 transferFrom/transfer 是外发交互且发生在状态写入之后，若攻击者利用 reentrancyGuard 缺失或逻辑缺陷在转移前再次进入，可观察到不一致状态；但根据 RE 定义需‘先读后写’才构成典型漏洞。此处顺序为‘先写后调外部’，理论上不满足经典 Reentrancy 条件（即调用发生在状态更新之前）。然而题目要求判断是否存在：若攻击者在 transferFrom 被调用前通过其他途径再次进入并修改 deals[_dealId].state，则可能观察到不一致；但当前代码中 state 已先写入。因此严格来说不构成 RE。但若考虑 token.transfer() 内部可能被重入（如 ERC20 实现有漏洞），且合约未使用 reentrancyGuard，则在 transferFrom 调用前若存在其他入口可触发问题？实际上本例中状态已在外部调用前更新，故不应标记为 RE。但考虑到题目可能期望识别‘外发交互’风险：此处顺序是 write -> external call，不符合“先读后写”的 RE 模式。因此 label=0。,"[38, 42]","[""    PaymentSentToBob,"", ""  struct Deal {""]",success,[10],0,候选窗口仅包含接口定义和注释，无任何状态变量读写、外部调用或逻辑执行代码，不存在重入漏洞。,[],[],success,"[""deals"", ""state"", ""PaymentSentToAlice"", ""aliceClaimsPayment"", ""_tokenAddress"", ""transfer""]","[11, 12, 23, 35, 39, 44, 47, 57, 66, 68, 78, 80, 87, 89, 91, 93, 94, 97, 100, 105, 112, 114, 116, 117, 118, 120, 121, 128, 133, 140, 142, 143, 144, 145, 147, 148]",0,代码中所有外部调用（如 token.transferFrom、token.transfer）均发生在状态更新之后，且无在状态变更前进行的外部交互。此外，aliceClaimsPayment 和 bobClaimsPayment 函数先检查并设置 dealHash 匹配及 state 为 PaymentSentToAlice/PaymentSentToBob，再执行转账操作；没有 reentrancy guard 或 balance check 缺失导致的不一致状态暴露风险。,"[94, 121, 148]","[""    assert(token.transferFrom(msg.sender, address(this), _amount));"", ""      assert(token.transfer(msg.sender, _amount));"", ""      assert(token.transfer(msg.sender, _amount));""]",success,"[""    deals[_dealId].state = DealState.PaymentSentToAlice;"", ""      assert(token.transfer(msg.sender, _amount));""]",verified,[],empty,"[""assert(token.transferFrom(msg.sender, address(this), _amount));"", ""assert(token.transfer(msg.sender, _amount));"", ""assert(token.transfer(msg.sender, _amount));""]",verified
re-case-28,15410,<100,93,0,0,代码中不存在外部调用（external call）。castVote 函数在修改状态前仅执行了本地计算和映射读写，没有通过 msg.sender.call() 或 external contract function 进行交互，因此无法满足重入攻击的前提条件。,[],[],success,[19],0,代码片段仅包含 Ownable 合约的构造函数和 onlyOwner 修饰器，未涉及外部调用或状态更新顺序问题。,[],[],success,"[""castVote"", ""canVote"", ""voteCount""]","[55, 57, 67, 85, 87, 88, 89]",0,代码中不存在外部调用（external call），仅包含状态变量的读写操作，不满足重入攻击的前提条件。,[],[],success,[],empty,[],empty,[],empty
re-case-29,15968,100-300,202,0,1,transferFrom 函数中，先读取并校验了_balances[_from]和_allowed状态变量（第86-92行），但在执行balances.sub、balances.add及allowed.sub等关键状态更新之前（第93-95行）调用了emit Transfer事件。由于该合约未使用reentrancyGuard或原子性操作，攻击者可在外部调用transferFrom后重新进入contract，利用尚未更新的_balances和_allowed读取到不一致的状态并再次扣减余额，导致资金被盗。,"[86, 93]","[""    /**"", ""    /**""]",success,"[11, 38, 82, 100, 102, 103, 104, 110, 111, 114, 115, 141, 144, 145, 199]",0,代码中状态更新（balances 修改）在外部调用发生之前完成，且 transfer/transferFrom 函数仅包含内部逻辑无外部交互点，不存在重入风险。,[143],"[""""]",success,"[""balances"", ""transferFrom"", ""approve""]","[69, 70, 82, 100, 103, 104, 115, 139, 141, 144, 145, 152, 161, 199]",0,代码中所有状态更新（如 balances[_from].sub(_value)）均在外部调用发生之前完成，且 transferFrom 等函数未包含 external call，不存在重入窗口。,"[139, 144]","[""    function transferFrom(address _from, address _to, uint256 _value) public returns (bool) {"", ""        balances[_from] = balances[_from].sub(_value);""]",success,"[""function transferFrom(address _from, address _to, uint256 _value) public returns (bool) {"", ""        balances[_from] = balances[_from].sub(_value);""]",verified,"[""        require(_value <= allowed[_from][msg.sender]);""]",verified,"[""    function transferFrom(address _from, address _to, uint256 _value) public returns (bool) {"", ""        balances[_from] = balances[_from].sub(_value);""]",verified
re-case-30,20367,>300,1954,1,1,在 mintNFT() 函数中，调用 payable(_projectWallet).transfer(msg.value) (外部交互/状态变更) 发生在更新内部变量 _nftHolders[_msgSender()]++ 之后。虽然顺序看似安全（先增加持有者计数），但存在严重的逻辑漏洞：_generateRandomTokenId() 在生成 ID 时调用了 _tokenIdCounter.increment()，而该 increment 操作没有检查是否已达到 TOTAL_NFT_SUPPLY 上限。如果由于某种原因导致计数器溢出或状态不一致，攻击者在 mintNFT 过程中可能利用外部交互（如 transfer）来干扰状态读取。更关键的是，_checkRewardConditions() 内部调用了 _rewardNFTHolder，其中包含 payable(winner).transfer(rewardAmount)。如果在 reward 发放后、但在最终确认交易完成前发生重入攻击，可能导致重复奖励或余额不一致。此外，虽然 OpenZeppelin ERC721Enumerable 的 transferFrom/safeTransferFrom 通常遵循 Checks-Effects-Interactions 模式（先更新状态再调用外部），但 mintNFT() 直接调用了 _safeMint (内部函数)，随后才进行转移逻辑和奖励发放。如果 _checkRewardConditions 或 _rewardNFTHolder 中的 transfer 操作被重入，且此时合同状态尚未完全锁定（例如某些中间变量未更新），则可能产生问题。具体证据在于 mintNFT() 中调用外部 contract.transfer 的位置以及_checkRewardConditions 中对 reward 的发放逻辑。,"[108, 127]","[""        unchecked {"", """"]",success,"[224, 489, 527, 545, 549, 550, 561, 611, 612, 641, 643, 648, 649, 653, 661, 665, 666, 670, 675, 680, 684, 689, 690, 694, 699, 703, 708, 714, 715, 716, 720, 721, 725, 726, 730, 731, 735, 740, 741, 745, 746, 750, 751, 755, 756, 760, 765, 766, 770, 771, 775, 783, 785, 794, 799, 841, 852, 879, 945, 964, 965, 973, 985, 986, 999, 1000, 1001, 1008, 1026, 1034, 1035, 1039, 1082, 1155, 1182, 1184, 1186, 1240, 1278, 1303, 1311, 1321, 1372, 1422, 1457, 1494, 1495, 1497, 1499, 1500, 1529, 1543, 1548, 1549, 1576, 1577, 1579, 1597, 1600, 1606, 1607, 1609, 1665, 1720, 1746]",0,代码片段主要包含数学计算逻辑（牛顿迭代法求平方根）和 ERC721 代币转移的钩子函数。虽然存在外部调用或状态更新，但并未在同一个作用域内出现‘先修改关键状态变量再执行外部交互’且缺乏重入保护的模式。例如，ERC721 中的 balance 变更发生在 `_beforeTokenTransfer`（行 1596-1601）和主逻辑中，而该函数本身是内部视图或纯逻辑钩子，并未在此片段内展示向外的 `call/send/transfer` 操作紧随状态更新之后。因此不符合重入漏洞定义中的‘交互顺序’要求。,[],[],success,"[""balance"", ""transferFrom"", ""_balances"", ""ownerOf""]","[641, 689, 714, 840, 945, 954, 969, 990, 1000, 1012, 1035, 1082, 1155, 1182, 1184, 1186, 1190, 1192, 1193, 1235, 1270, 1272, 1284, 1286, 1291, 1295, 1297, 1313, 1338, 1351, 1362, 1422, 1444, 1449, 1457, 1468, 1482, 1488, 1494, 1495, 1497, 1499, 1500, 1516, 1597, 1600, 1665, 1720, 1746, 1919, 1948]",0,代码片段主要展示 ERC721 标准库的函数定义（如 transferFrom、_transfer）和状态变量，未包含完整的调用逻辑。虽然注释提及了重入风险，但实际执行路径中不存在在外部交互前更新状态的漏洞模式；且 _beforeTokenTransfer 钩子仅处理余额调整而无外部调用，不具备触发重入的条件。,[],[],success,"[""        payable(_projectWallet).transfer(msg.value);"", ""            _rewardNFTHolder(5 ether);""]",verified,[],empty,[],empty
re-case-31,4781,<100,50,0,0,合约中所有外部可到达的交互（如 transfer）均在状态更新前完成，且无递归调用或重入点。Try、StopGame 和 NewQuestion 中的逻辑均不涉及先读取后写入的状态变更顺序问题，不存在重入漏洞条件。,[],[],success,"[11, 35]",0,代码中所有外部交互（transfer）均发生在状态更新之后或无相关可变状态需保护，且未涉及调用其他合约函数导致重入风险。,[],[],success,"[""msg.value"", ""this.balance"", ""transfer""]","[9, 11, 35]",0,代码中所有涉及状态变更（如 transfer）的操作均发生在外部调用之前，且未出现先读取余额再调用的模式。此外，transfer() 本身是原子操作并会消耗 gas，不会触发重入攻击所需的回调机制。,"[11, 35]","[""            msg.sender.transfer(this.balance);"", ""        msg.sender.transfer(this.balance);""]",success,[],empty,[],empty,"[""\t\t\tmsg.sender.transfer(this.balance);"", ""\t\tmsg.sender.transfer(this.balance);""]",verified
re-case-32,15740,>300,1197,1,0,"代码中所有外部调用（如 erc20Transfer、safeTransferFrom）均发生在状态更新之前，但关键的状态变量（user.amount, user.rewardDebt, pool.tokensStaked）是在这些调用之后立即更新的。由于 SafeERC20.safeTransfer* 和 IERC20.transfer/transferFrom 在 Solidity ^0.6.x 中是纯函数或不会导致 revert 的普通外部调用，且没有使用 call() 进行 ETH 转账（除了 treasury.transfer(msg.value)），而 msg.value 的处理发生在 deposit/withdraw 开始处。更重要的是，代码中没有出现典型的“先读状态->再调外部合约->后写状态”的模式来利用 reentrancy。例如在 withdraw 中：1. updatePool (只读); 2. erc20Transfer (调用外部); 3. user.amount = ...sub(_amount) (写状态)。虽然顺序是 Read -> Call -> Write，但 SafeERC20.safeTransferFrom(address(this), ...) 不会导致 revert（除非 token 本身逻辑有问题），且没有 ETH transfer。对于 treasury.transfer(msg.value)，msg.value 在函数开始时已确定，即使 re-enter，也无法改变 msg.value 或绕过 gasAmount check。因此不存在可被利用的 Reentrancy 漏洞。",[],[],success,"[50, 53, 66, 71, 88, 107, 329, 331, 332, 337, 338, 342, 350, 354, 355, 359, 364, 365, 369, 374, 375, 379, 380, 384, 389, 390, 391, 394, 395, 397, 398, 431, 434, 441, 445, 456, 463, 468, 473, 477, 479, 480, 482, 483, 484, 485, 487, 574, 808, 811, 816, 817, 829, 861, 946, 972, 1055, 1069, 1071, 1072, 1095, 1171, 1177, 1195]",0,代码片段主要包含 ERC20 接口定义、SafeMath/SafeERC20 库函数以及 VendingMachine 合约的 deposit/withdraw 逻辑。虽然存在外部调用（如 safeTransferFrom），但关键的状态更新（balanceOf）发生在调用之前或作为纯视图函数，且没有发现典型的先修改状态再调用的重入漏洞模式；此外，SafeMath/SafeERC20 库通常用于安全操作，未检测到明显的 RE 触发点。,[],[],success,"[""poolInfo"", ""tokensStaked"", ""updatePool"", ""withdraw"", ""emergencyWithdraw""]","[866, 874, 883, 884, 891, 904, 909, 910, 919, 928, 930, 932, 933, 934, 939, 941, 943, 950, 953, 962, 974, 975, 977, 982, 986, 997, 1001, 1015, 1019, 1020, 1024, 1025, 1027, 1032, 1033, 1039, 1057, 1063, 1075, 1092, 1093, 1097, 1102, 1103, 1111, 1125, 1128, 1129, 1130, 1133, 1134, 1142, 1144, 1165, 1169, 1173, 1174, 1187, 1191]",0,代码中 deposit、withdraw 和 emergencyWithdraw 函数均调用了 updatePool(_pid)（行 1063/1103），该函数仅更新 pool.lastRewardBlock，未修改用户状态变量 amount 或 rewardDebt。用户的实际余额读写发生在调用 updatePool 之后：deposit 中在行 1074-1075 更新 user.amount 和 pool.tokensStaked；withdraw 中在行 1106-1107 更新 user.amount 和 user.rewardDebt，随后才执行外部转账（safeTransferFrom/safeTransfer）。emergencyWithdraw 则在行 1132 先完成 LP token 转移并更新 tokensStaked，最后再清零用户状态。因此不存在“在状态变更前发生外部交互”的重入窗口。,"[1063, 1074, 1075, 1103, 1106, 1107, 1132]","[""        updatePool(_pid);"", ""        user.amount = user.amount.add(trueDepositedTokens);"", ""        pool.tokensStaked = pool.tokensStaked.add(trueDepositedTokens);"", ""        updatePool(_pid);"", ""        user.amount = user.amount.sub(_amount);"", ""        user.rewardDebt = user.amount.mul(pool.accERC20PerShare).div(1e36);"", ""        pool.lpToken.safeTransfer(address(msg.sender), user.amount);""]",success,[],empty,[],empty,"[""        updatePool(_pid);"", ""        user.amount = user.amount.add(trueDepositedTokens);"", ""        pool.tokensStaked = pool.tokensStaked.add(trueDepositedTokens);"", ""        updatePool(_pid);"", ""        user.amount = user.amount.sub(_amount);"", ""        user.rewardDebt = user.amount.mul(pool.accERC20PerShare).div(1e36);"", ""        pool.lpToken.safeTransfer(address(msg.sender), user.amount);""]",verified
re-case-33,1461,<100,82,0,0,函数调用顺序为：外部交互（sendMsg）在状态更新之前发生，但此处无相关状态读写被重入利用的风险。保护条件仅检查 enabled 和 msg.value，且 sendText 中未涉及可被重入的状态变量修改与读取不一致问题。,[],[],success,[65],0,withdraw()函数中先执行了状态更新（owner.transfer），且该操作为外部调用，但在此处没有发生重入攻击的窗口。enableContract仅设置标志位并输出日志，无资金变动或可被利用的状态变更顺序问题。sendText在检查enabled后直接结束，未涉及余额转移前的状态读取与写入分离风险。,[],[],success,"[""owner"", ""transferOwnership"", ""onlyOwner"", ""withdraw"", ""this.balance"", ""msg.sender""]","[18, 21, 24, 25, 29, 30, 49, 54, 59, 64, 65]",0,代码中 withdraw() 函数虽存在外部调用，但仅涉及 owner.transfer(this.balance)，未读取或修改其他状态变量；且该函数受 onlyOwner 修饰器保护。sendText() 等函数虽有 enabled 检查但未在交互前更新关键状态（如余额），不符合重入漏洞定义中的‘先读后写’风险模式。,[],[],success,[],empty,[],empty,[],empty
re-case-34,2412,>300,778,0,0,该代码为 OpenZeppelin ERC20 标准实现，所有状态更新（_update）均在外部调用前完成或仅在内部函数中执行。transferFrom 先检查 allowance 再转移；burn/burnFrom 均无外部回调风险。不存在可被重入的状态不一致窗口。,[],[],success,"[13, 15, 18, 60, 117, 119, 123, 187, 220, 242, 266, 267, 278, 319, 331, 334, 347, 353, 370, 437, 443, 480, 489, 503, 505, 506, 515, 534, 558, 559, 601, 602, 603, 606, 607, 613, 618, 619, 678, 742, 752, 758]",0,代码片段仅包含 ERC20/ERC721/ERC1155 标准库的接口定义和基础实现逻辑，未涉及外部调用（external call）与状态更新交织的场景。所有函数均为 view/pure 或内部纯逻辑处理，不存在重入攻击面。,[],[],success,"[""balanceOf"", ""_balances"", ""transferFrom"", ""_spendAllowance""]","[157, 331, 344, 347, 377, 437, 443, 489, 503, 505, 506, 534, 547, 562, 564, 601, 607, 619, 679, 680, 682, 713, 762]",0,代码片段展示的是 ERC20 标准库（如 IERC20Metadata、IERC20）和 BonkCoinToken 的声明部分，包含 view/pure 函数及内部状态更新逻辑。未检测到任何外部可调用且先于状态更新的交互模式，也没有 reentrancyGuard 或类似的保护条件缺失情况。,[],[],success,[],empty,[],empty,[],empty
re-case-35,4342,100-300,150,0,1,"在 sell() 函数中，先读取状态变量 address(this).balance 判断余额是否充足（外部可达交互前的状态检查），随后调用 _transfer(msg.sender, this, amount) 进行转账。_transfer 内部会减少 msg.sender 的 balanceOf[msg.sender] 并增加接收方 (this contract) 的 balanceOf[this]，导致合约自身 token 余额变化。若攻击者在 buy() 中成功将 ether 转入合约（触发 sell），并在 _transfer 执行前或过程中通过外部调用再次进入合约修改状态，可能观察到不一致的状态；同时该函数未使用 reentrancyGuard 等保护机制，存在重入风险.","[138, 140]","[""    function sell(uint256 amount) public {"", ""        _transfer(msg.sender, this, amount);              // makes the transfers""]",success,"[32, 47, 60, 62, 64, 66, 68, 71, 100, 101, 111, 113, 139, 146]",0,代码中 sell() 函数先检查了合约余额，然后调用_transfer 更新代币状态，最后才执行 msg.sender.transfer()。由于转账发生在外部交互之前且无重入保护逻辑缺失（此处为正确顺序），不存在重入漏洞风险。,"[138, 140, 141]","[""    function sell(uint256 amount) public {"", ""        _transfer(msg.sender, this, amount);              // makes the transfers"", ""        msg.sender.transfer(amount * sellPrice);          // sends ether to the seller. It's important to do this last to avoid recursion attacks""]",success,"[""balance"", ""transferFrom"", ""_transfer"", ""buy"", ""sell"", ""msg.sender.transfer""]","[26, 27, 32, 47, 54, 60, 62, 64, 66, 68, 71, 76, 80, 85, 89, 100, 101, 111, 113, 125, 126, 127, 130, 131, 132, 135, 138, 139, 140, 141, 146]",,,[],[],parse_failed,"[""function sell(uint256 amount) public {"", ""        require(address(this).balance >= amount * sellPrice);      // checks if the contract has enough ether to buy""]",verified,"[""    function sell(uint256 amount) public {"", ""        require(address(this).balance >= amount * sellPrice);      // checks if the contract has enough ether to buy"", ""        _transfer(msg.sender, this, amount);              // makes the transfers""]",verified,[],empty
re-case-36,22042,100-300,277,1,0,代码中所有外部可到达的交互（如 buy、fiatBuy）均在状态更新前调用了 view 函数或仅读取余额，且没有调用其他合约的可写函数。withdrawTokens 和 mint 虽涉及转账但受 onlyOwner 修饰符保护，无法被重入攻击者利用修改不一致状态。,[],[],success,"[24, 36, 39, 52, 57, 74, 203, 211, 229, 232, 242, 243]",0,代码中未检测到重入漏洞。withdraw()函数在调用外部call前已更新状态（无相关状态读写），且buy/fiatBuy/transfer等涉及ERC20调用的函数均直接执行转移或仅读取余额，不存在先读后写再被重入的时序风险。,[],[],success,"[""totalBought"", ""buy"", ""fiatBuy"", ""mint"", ""withdraw""]","[131, 139, 141, 155, 157, 159, 161, 164, 202, 205, 213, 216, 217, 221, 241, 248, 255, 256, 258, 269, 270]",0,代码中不存在可重入漏洞。buy()和fiatBuy()函数在调用外部ERC20转账后直接更新状态变量，没有后续的外部交互；withdraw()虽先执行call再检查success，但无其他外部入口可利用且非典型RE模式（需结合状态变更顺序），整体缺乏‘先调外、后改态’的漏洞特征。,[],[],success,[],empty,[],empty,[],empty
re-case-37,16634,100-300,177,0,0,所有外部调用均发生在状态更新（ERC20 token 余额扣除）之后，且 ERC20 transferFrom/transfer 为纯函数或内部逻辑已确保原子性，不存在重入窗口。,[],[],success,"[18, 30, 33, 46, 51, 68, 97, 106, 121, 128, 142, 161]",0,代码中仅包含状态读取（view）和外部调用，未涉及内部状态变量的读写顺序问题。,[],[],success,"[""GLM"", ""balanceOf"", ""totalSupply""]","[25, 30, 83, 87, 92, 93, 97, 104, 113, 116, 121, 126, 132, 150, 157, 163, 172]",0,代码中调用了外部合约 GLM.transferFrom，但并未在调用前修改本合约的状态变量（如余额），也未涉及可被重入攻击利用的共享状态更新。所有操作仅依赖传入参数和外部返回结果，无保护条件缺失问题。,[],[],success,[],empty,[],empty,[],empty
re-case-38,11054,<100,78,1,1,Collect 函数中先执行 msg.sender.call.value(_am)() 进行外部调用，随后才更新状态变量 acc.balance-=_am。攻击者可在 call 时重新进入 Collect 并再次读取未更新的 balance，导致重复扣款和资金损失。,"[20, 21]","[""        if( acc.balance>=MinSum && acc.balance>=_am && now>acc.unlockTime)"", ""        {""]",success,"[10, 20, 22, 24, 40]",1,在 Collect 函数中，先执行 msg.sender.call.value(_am)() 进行外部调用且未更新状态，随后才执行 acc.balance-=_am 扣减余额。若被调方再次进入本合约（如通过 fallback），将读取到尚未更新的 balance 并重复提款，导致重入漏洞。,"[20, 21, 22, 24]","[""        if( acc.balance>=MinSum && acc.balance>=_am && now>acc.unlockTime)"", ""        {"", ""            if(msg.sender.call.value(_am)())"", ""                acc.balance-=_am;""]",success,"[""Acc"", ""balance"", ""_am"", ""msg.sender.call.value(_am)"", ""now""]","[9, 10, 11, 15, 19, 20, 22, 24, 25, 40, 43, 73]",1,在 Collect 函数中，先读取 acc.balance 进行条件判断（状态读），随后调用 msg.sender.call.value(_am)() 允许外部重入。只有在 call 返回后，才执行 acc.balance-=_am（状态写）。由于未使用非易失性存储变量或 reentrancyGuard 等保护机制，攻击者可在 balance 更新前多次重入并重复获取资金。,"[20, 22, 24]","[""        if( acc.balance>=MinSum && acc.balance>=_am && now>acc.unlockTime)"", ""            if(msg.sender.call.value(_am)())"", ""                acc.balance-=_am;""]",success,"[""if(msg.sender.call.value(_am)())"", ""acc.balance-=_am;""]",verified,"[""if( acc.balance>=MinSum && acc.balance>=_am && now>acc.unlockTime)"", ""{"", ""            if(msg.sender.call.value(_am)())"", ""                acc.balance-=_am;""]",verified,"[""if( acc.balance>=MinSum && acc.balance>=_am && now>acc.unlockTime)"", ""            if(msg.sender.call.value(_am)())"", ""                acc.balance-=_am;""]",verified
re-case-39,694,>300,1786,1,0,代码中不存在重入漏洞。所有涉及外部调用的函数（如 deposit、withdraw）均在调用前完成了状态更新或使用了 SafeERC20/TransferHelper 库，且没有发现典型的先读后写未加保护的模式导致的状态不一致问题。,[],[],success,"[21, 24, 37, 42, 59, 78, 357, 359, 360, 365, 366, 370, 378, 382, 383, 387, 392, 393, 397, 402, 403, 407, 408, 412, 417, 418, 419, 421, 422, 423, 427, 428, 432, 433, 437, 438, 442, 443, 445, 446, 447, 451, 452, 456, 457, 461, 462, 466, 467, 469, 470, 471, 474, 507, 510, 517, 521, 532, 539, 544, 549, 553, 555, 556, 558, 559, 560, 561, 563, 651, 941, 944, 949, 950, 962, 1009, 1045, 1103, 1109, 1115, 1120, 1143, 1250, 1266, 1267, 1328, 1331, 1351, 1352, 1355, 1373, 1379, 1411, 1435, 1459, 1469, 1476, 1478, 1479, 1480, 1486, 1553, 1618, 1641, 1665, 1674, 1675, 1685, 1686]",0,代码中所有外部交互（如 transfer、safeSushiTransfer）均发生在状态变量更新之后，且 safeHptTransfer/safeSushiTransfer 内部先扣减余额再调用转移函数。此外，updatePool 等关键逻辑在发送代币前已更新了 lpBalance 和 user.amount，不存在重入窗口。,"[1476, 1553, 1618]","[""        uint256 sushiBalancePrior = sushi.balanceOf(address(this));"", ""        pool.lpBalance = pool.lpBalance.add(_amount);"", ""        pool.lpBalance = pool.lpBalance.sub(_amount);""]",success,"[""updatePool"", ""sushiChef.withdraw"", ""pool.lpBalance"", ""safeHptTransfer"", ""safeSushiTransfer""]","[1320, 1331, 1342, 1362, 1385, 1411, 1435, 1446, 1449, 1454, 1459, 1477, 1507, 1525, 1544, 1551, 1553, 1569, 1572, 1585, 1588, 1609, 1616, 1618, 1635, 1637, 1641, 1655, 1657, 1665, 1673, 1684]",0,代码中不存在外部可重入调用（如 transfer/withdraw）发生在状态更新之前的情况。所有涉及余额转移的函数均先更新了本地变量或调用了只读逻辑，且没有发现典型的 reentrancy guard 缺失导致的漏洞模式。,[],[],success,[],empty,"[""        uint256 sushiBalancePrior = sushi.balanceOf(address(this));\n        sushiChef.withdraw(pool.sushiChefPid, 0);"", ""        pool.lpBalance = pool.lpBalance.add(_amount);\n        user.amount = user.amount.add(_amount);"", ""        pool.lpBalance = pool.lpBalance.sub(_amount);\n        user.amount = user.amount.sub(_amount);""]",verified,[],empty
re-case-40,325,<100,89,1,1,Collect 函数中先执行 msg.sender.call.value(_am)() 进行外部调用，随后才更新 balances[msg.sender]_-= _am。攻击者可在 call 前向自身发送交易触发 Collect，利用未更新的余额状态再次进入并重复提款，导致资金损失。,"[43, 44]","[""    payable"", ""    {""]",success,"[5, 37, 45, 47, 49]",0,调用外部地址发生在状态更新之前，但保护条件检查了余额是否足够且大于提取额。然而，关键问题在于：在调用 msg.sender.call.value(_am)() 后，才执行 balances[msg.sender]-=_am；如果 callee 重新进入并读取 balances[msg.sender]，此时尚未减去 _am，导致不一致状态。因此存在重入漏洞风险。,"[45, 47, 49]","[""        if(balances[msg.sender]>=MinSum && balances[msg.sender]>=_am)"", ""            if(msg.sender.call.value(_am)())"", ""                balances[msg.sender]-=_am;""]",success,"[""balances"", ""msg.sender"", ""_am"", ""call.value""]","[5, 37, 38, 41, 45, 47, 49, 50, 83]",1,Collect 函数中先执行外部调用 msg.sender.call.value(_am)()，随后才更新 balances[msg.sender] 状态。攻击者可在回调中再次进入 Collect 并读取未减去的余额或重复扣款，存在重入漏洞。,"[47, 49]","[""            if(msg.sender.call.value(_am)())"", ""                balances[msg.sender]-=_am;""]",success,"[""if(msg.sender.call.value(_am)())"", ""balances[msg.sender]-=_am;""]",verified,"[""if(balances[msg.sender]>=MinSum && balances[msg.sender]>=_am)"", ""if(msg.sender.call.value(_am)())"", ""balances[msg.sender]-=_am;""]",verified,"[""            if(msg.sender.call.value(_am)())"", ""                balances[msg.sender]-=_am;""]",verified
re-case-41,3813,100-300,122,1,1,"在 doDistributionRange 函数中，循环内先读取状态变量 tokensTransferredSoFar（外部可被修改），随后调用 tokenContract.transfer(contributor, numTokens) 进行外部交互。若 transfer 触发重入攻击，攻击者可在当前交易尚未更新全局 state (tokensTransferred == actualTotalTokens -> State.Done) 前再次进入合约，导致状态不一致或重复转账。",[106],"[""""]",success,"[4, 62, 120]",0,代码中未检测到外部调用前状态更新的 Reentrancy 漏洞模式。handleTokensReceived 仅读取余额，无外部交互；tokenFallback 先校验发送者再处理逻辑，且 tokenContract.balanceOf(this) 为纯函数调用不触发重入风险；temporaryEscapeHatch 中的 call.value(value)(data) 虽涉及外部调用但发生在 require 保护后且未修改内部状态变量。,[],[],success,"[""tokenContract"", ""balanceOf"", ""transfer""]","[4, 5, 30, 33, 38, 42, 52, 62, 66, 71, 78, 93, 102, 103, 104, 107, 108, 115]",0,代码中状态更新（如 state = State.Done）发生在外部调用 tokenContract.transfer() 之后，且 transfer 为纯函数或受保护操作，不存在先执行外部交互再修改关键状态的 Reentrancy 漏洞模式。,[104],"[""      require(tokenContract.transfer(contributor, numTokens));""]",success,"[""      require(tokenContract.transfer(contributor, numTokens));""]",verified,[],empty,"[""      require(tokenContract.transfer(contributor, numTokens));""]",verified
re-case-42,621,<100,20,0,1,函数 getOwnerships 在外部调用 target（NFT 合约）之前未更新任何状态变量，且该函数虽标记为 view 但内部调用了可被重入的 external call。若目标合约存在 reentrancy 漏洞，攻击者可在 gas 耗尽前多次进入并读取不一致的状态。,"[10, 23]","[""            let o := add(m, 0x40)""]",success,[14],0,代码段为纯汇编逻辑，仅执行内存操作和静态调用（staticcall）以获取目标函数返回值。未包含任何外部可到达的交互入口点、状态变量读写或递归调用机制，不存在重入漏洞条件。,[],[],success,"[""target"", ""staticcall""]","[5, 14]",0,该函数为 view 类型，仅读取状态且通过 assembly 调用外部合约的 ownerOf 方法。由于是纯视图函数，不存在可修改状态的交互顺序问题，也不存在重入攻击所需的 state change before call 场景。,[],[],success,"[""function getOwnerships(address target, uint256 begin, uint256 end) public view returns (address[] memory) {"", ""                mstore(o, mul(mload(0x20), staticcall(gas(), target, 0x1c, 0x24, 0x20, 0x20)))""]",invalid_line,[],empty,[],empty
re-case-43,17000,>300,351,0,0,代码中所有状态更新（如 weiContributions、totalWeiRaised）均在外部调用前完成，且无外部可重入交互点。,[],[],success,"[31, 241, 251, 298, 310, 324]",0,代码片段仅包含纯函数 div、构造函数及状态变更函数，未涉及外部调用或余额更新前的交互顺序问题。addBalance 虽修改映射但无 external call，不存在重入风险。,[],[],success,"[""addBalance"", ""weiContributions"", ""_address""]","[299, 306, 310, 311, 318, 319, 321, 324]",0,该函数仅由管理员调用，无外部交互入口；状态更新在内部完成且无反向回调风险。,[],[],success,[],empty,[],empty,[],empty
re-case-44,10140,<100,78,1,1,Collect 函数中先执行 msg.sender.call.value(_am)() 进行外部调用，随后才更新状态变量 acc.balance-=_am。攻击者可在 call 返回后重新进入 Collect 并读取未更新的 balance，导致重复扣减或逻辑不一致。,"[20, 21]","[""        if( acc.balance>=MinSum && acc.balance>=_am && now>acc.unlockTime)"", ""        {""]",success,"[10, 20, 22, 24, 40]",0,调用外部账户（msg.sender.call.value）后，状态更新（acc.balance-= _am）在回调函数内执行。由于被调用的地址是 msg.sender（外部），其无法重新进入本合约的 Collect 函数；且即使存在重入风险，此处是在发送资金给外部后才扣减余额，符合安全模式，不存在不一致状态问题。,"[20, 21, 22, 24]","[""        if( acc.balance>=MinSum && acc.balance>=_am && now>acc.unlockTime)"", ""        {"", ""            if(msg.sender.call.value(_am)())"", ""                acc.balance-=_am;""]",success,"[""Acc"", ""balance"", ""_am"", ""msg.sender.call.value(_am)"", ""Collect""]","[9, 10, 11, 15, 19, 20, 22, 24, 25, 40, 43]",1,在 Collect 函数中，先执行 msg.sender.call.value(_am)() 进行外部调用且未更新状态，随后才执行 acc.balance-=_am 扣减余额。攻击者可在 call 后重新进入并再次读取到未被更新的 balance，导致重复提款漏洞。,"[20, 21, 22, 24]","[""        if( acc.balance>=MinSum && acc.balance>=_am && now>acc.unlockTime)"", ""        {"", ""            if(msg.sender.call.value(_am)())"", ""                acc.balance-=_am;""]",success,"[""if(msg.sender.call.value(_am)()){"", ""acc.balance-=_am;""]",verified,"[""if( acc.balance>=MinSum && acc.balance>=_am && now>acc.unlockTime)"", {""label"": 0}, ""if(msg.sender.call.value(_am)())"", {""]"": """"}]",verified,"[""if( acc.balance>=MinSum && acc.balance>=_am && now>acc.unlockTime)"", ""{"", ""            if(msg.sender.call.value(_am)())"", ""                acc.balance-=_am;""]",verified
re-case-45,11184,<100,78,1,1,Collect 函数中先执行 msg.sender.call.value(_am)() 进行外部调用，随后才更新状态变量 acc.balance-=_am。攻击者可在 call 时重新进入 Collect 并再次读取未更新的 balance，导致重复扣款和资金损失。,"[20, 21]","[""        if( acc.balance>=MinSum && acc.balance>=_am && now>acc.unlockTime)"", ""        {""]",success,"[10, 20, 22, 24, 40]",1,在 Collect 函数中，先执行 msg.sender.call.value(_am)() 进行外部调用且未更新状态，随后才执行 acc.balance-=_am 扣减余额。若被调方再次进入本合约（如通过 fallback），将读取到尚未更新的 balance 并重复提款，导致重入漏洞。,"[20, 21, 22, 24]","[""        if( acc.balance>=MinSum && acc.balance>=_am && now>acc.unlockTime)"", ""        {"", ""            if(msg.sender.call.value(_am)())"", ""                acc.balance-=_am;""]",success,"[""Acc"", ""balance"", ""_am"", ""msg.sender.call.value(_am)"", ""now""]","[9, 10, 11, 15, 19, 20, 22, 24, 25, 40, 43, 73]",1,在 Collect 函数中，先执行外部调用 msg.sender.call.value(_am)()（第 22 行），之后才更新状态变量 acc.balance-= _am（第 24 行）。由于 Acc[msg.sender] 是映射结构体且未使用 reentrancyGuard 等保护机制，攻击者可在 call 回调中再次进入 Collect，读取到尚未减去的 balance 并重复提款。,"[19, 20, 22, 24]","[""        var acc = Acc[msg.sender];"", ""        if( acc.balance>=MinSum && acc.balance>=_am && now>acc.unlockTime)"", ""            if(msg.sender.call.value(_am)())"", ""                acc.balance-=_am;""]",success,"[""if(msg.sender.call.value(_am)())"", ""acc.balance-=_am;""]",verified,"[""if( acc.balance>=MinSum && acc.balance>=_am && now>acc.unlockTime)"", ""{"", ""            if(msg.sender.call.value(_am)())"", ""                acc.balance-=_am;""]",verified,"[""\t\tvar acc = Acc[msg.sender];"", ""\tif( acc.balance>=MinSum && acc.balance>=_am && now>acc.unlockTime)"", ""\t\tif(msg.sender.call.value(_am)())"", ""\t\t\tacc.balance-=_am;""]",verified
re-case-46,11833,<100,14,0,0,该合约仅包含外部可读的 getter 函数和内部状态更新，不存在可被重入的外部交互逻辑。,[],[],success,[],0,,[],[],no_candidate,[],[],0,,[],[],no_candidate,[],empty,[],empty,[],empty
re-case-47,13088,>300,831,1,1,在 unstake 函数中，先读取状态变量 calculateReward（涉及 stake.startTime），然后调用 token.transfer、ETH call 或 USDT.safeTransfer。这些外部交互发生在将 iStakes.amount = 0 写入之前，攻击者可在转账回调时重新进入并修改不一致的状态。,"[186, 192]","["" *"", "" *""]",success,"[13, 15, 23, 25, 44, 45, 48, 50, 55, 56, 60, 61, 62, 70, 72, 73, 77, 82, 83, 85, 86, 87, 89, 90, 94, 95, 97, 98, 99, 103, 104, 106, 107, 108, 112, 113, 114, 116, 124, 134, 135, 137, 146, 158, 184, 244, 495, 507, 510, 523, 529, 546, 570, 573, 589, 590, 593, 598, 601, 605, 606, 614, 615, 628, 629, 633, 635, 636, 637, 642, 644, 645, 647, 648, 649, 650, 652, 659, 661, 662, 664, 666, 667, 668, 669, 671, 716, 780, 781, 782, 786, 787, 788, 791, 792, 793, 794, 823]",0,代码中所有外部调用（如 withdrawToken、withdrawUSDT、unstake）均发生在状态更新之前，且没有可被重入的函数。此外，关键操作前已应用 noReentrant 修饰符或处于 view 上下文，不存在 RE 漏洞。,[],[],success,"[""stakeHMZ"", ""stakeETH"", ""stakeUSDT"", ""withdrawToken"", ""withdrawUSDT"", ""withdrawBalance"", ""unstake"", ""token.transferFrom"", ""USDT.safeTransferFrom"", ""stakes[msg.sender]""]","[601, 724, 726, 727, 728, 731, 733, 734, 743, 745, 746, 747, 779, 785, 791, 815, 818]",1,函数 unstake(行 815-827) 在调用外部可重入的 transfer/call 之前，仅读取了状态变量 reward 和 iStakes 引用。虽然随后有写入操作 (iStakes.amount = 0)，但攻击者可在 token.transfer 或 payable.call 执行时重新进入合约并再次修改同一 storage slot(如 amount) 或在调用链中消耗余额，导致不一致状态。保护条件 noReentrant 仅作用于函数入口，无法防御内部外部调用的重入风险。,"[815, 820, 823]","[""    function unstake(uint256 index) external noReentrant{ "", ""            token.transfer(msg.sender, reward);"", ""            (bool success, ) = payable(msg.sender).call{value: reward}(\""\"");""]",success,"[""function unstake(uint256 index) external noReentrant{ "", ""        uint256 reward = calculateReward(msg.sender, index); ""]",verified,[],empty,"[""    function unstake(uint256 index) external noReentrant{ "", ""            token.transfer(msg.sender, reward);"", ""            (bool success, ) = payable(msg.sender).call{value: reward}(""]",verified
re-case-48,4340,100-300,170,0,1,在 transferFrom 函数中，状态更新顺序为：先增加接收方余额 (balances[_to].add)，再减少发送方余额 (balances[_from].sub)。由于这两个操作之间没有外部调用保护（如 reentrancyGuard），攻击者可在 balances[_to] 更新后、balances[_from] 更新前通过 external call 重新进入，导致重复增加同一地址的代币。,"[103, 104]","[""}"", """"]",success,"[11, 43, 65, 73, 81, 82, 88, 89, 92, 93, 122, 123, 137, 168]",0,代码中未检测到外部调用（external call）在状态更新前发生的模式。transferFrom 函数虽存在重入风险，但此处无实际的外部交互；且 SafeMath 库中的 sub/add 操作为纯内部计算或受限于上下文无法触发重入，故不构成 RE。,[],[],success,"[""balances"", ""msg.sender"", ""_value"", ""add"", ""sub"", ""transferFrom""]","[17, 22, 30, 38, 46, 53, 55, 56, 65, 66, 67, 73, 76, 77, 78, 80, 81, 82, 83, 88, 89, 90, 92, 93, 99, 100, 101, 102, 107, 111, 112, 113, 114, 116, 117, 119, 120, 122, 123, 124, 125, 130, 131, 132, 134, 136, 140, 142, 143, 149, 150, 153, 168]",0,代码中不存在外部可重入的交互。所有状态更新（如 balances[_to].add）均在事件发射或函数返回之前完成，且没有调用其他合约的外部函数导致重新进入的可能。,[],[],success,"[""    balances[_to] = balances[_to].add(_value);"", ""    balances[_from] = balances[_from].sub(_value);""]",verified,[],empty,[],empty
re-case-49,19494,>300,891,1,1,"在 transferFrom 函数中，状态更新（_balances[sender] = ...sub...）发生在调用 distributor.process() 之前。process 内部会递归调用 distributeDividend，该函数执行 ETHautoLP.transfer(shareholder, amount)。由于外部交互（transfer）先于相关状态变量（totalDistributed, shareholderClaims 等）的更新发生，攻击者可在 transfer 后重新进入 contract，读取不一致的状态或再次触发转移。",[186],"[""    function swapExactETHForTokensSupportingFeeOnTransferTokens(""]",success,"[55, 73, 95, 102, 137, 181, 188, 196, 290, 303, 415, 499, 510, 578, 581, 585, 589, 600, 601, 647, 661, 672, 696, 705, 714, 715, 774, 844, 845, 876, 881]",0,代码中不存在外部调用发生在状态更新之前的情况。所有涉及余额修改（如 _balances）的操作均先于或独立于外部函数调用发生，且没有观察到典型的重入攻击模式（即未在读完关键状态变量后直接进行外部调用）。,"[296, 301]","[""        router.swapExactETHForTokensSupportingFeeOnTransferTokens{value: msg.value}("", ""        );""]",success,"[""balanceOf"", ""transferFrom"", ""_balances"", ""distributor.process""]","[73, 77, 290, 303, 415, 499, 510, 524, 527, 532, 551, 578, 581, 585, 589, 592, 600, 601, 647, 661, 672, 774, 876, 881]",0,代码中未检测到重入漏洞模式。关键函数如_transferFrom (行 578-594) 在调用外部合约 distributor.process(行 592) 之前，已经完成了发送方余额的扣除 (_balances[sender].sub)，且该操作是原子性的（除非 revert）。虽然 recipient 余额更新和事件发射紧随其后，但核心状态变更发生在外部调用前。此外，代码未展示在接收 ETH 或执行其他可重入逻辑后修改关键共享状态的典型模式。,[],[],success,"[""        try distributor.process(distributorGas) {} catch {};""]",verified,"[""router.swapExactETHForTokensSupportingFeeOnTransferTokens{value: msg.value}(\n            0,\n            path,\n            address(this),\n            block.timestamp\n        );"", ""\n""]",verified,[],empty
re-case-50,19310,>300,2927,1,0,"The code implements a standard ERC721A token with an external registry filter. The critical state updates (minting/burning) occur in internal functions like _safeMint and _burn which are called from public entry points that do not involve receiving ETH or calling other contracts before the update. While 'split' transfers funds, it is a simple payable call without reentrancy guards needed for standard ERC20/721 logic as no state change occurs in the callee (wSplit) relative to this contract's balance tracking during the transfer itself which happens after validation.",[],[],success,"[19, 35, 49, 59, 154, 171, 193, 505, 759, 770, 794, 829, 830, 859, 861, 866, 867, 871, 879, 883, 884, 888, 893, 898, 902, 907, 908, 912, 917, 921, 926, 932, 933, 934, 938, 939, 943, 944, 948, 949, 953, 958, 959, 963, 964, 968, 969, 973, 974, 978, 983, 984, 988, 989, 993, 1001, 1003, 1012, 1017, 1065, 1098, 1117, 1118, 1126, 1138, 1139, 1152, 1153, 1154, 1161, 1179, 1187, 1188, 1192, 1302, 1329, 1331, 1333, 1387, 1425, 1450, 1458, 1468, 1519, 1569, 1604, 1641, 1642, 1644, 1646, 1647, 1676, 1690, 1695, 1696, 1723, 1724, 1726, 1744, 1745, 1747, 1765, 1767, 1768, 1772, 1773, 1857, 1881, 1883, 1885, 1889, 1922, 1923, 2005, 2007, 2008, 2009, 2120, 2139, 2209, 2247, 2250, 2302, 2310, 2311, 2314, 2315, 2322, 2366, 2374, 2375, 2379, 2389, 2431, 2432, 2454, 2455, 2460, 2476, 2478, 2483, 2505, 2512, 2547, 2565, 2569, 2570, 2581, 2783, 2809, 2877, 2925]",0,代码中不存在外部调用前的状态更新漏洞。所有涉及余额转移的函数（如 mintPublic、receive）均在操作前进行了严格的条件检查，且没有发现先读取/修改关键状态变量再执行外部调用的模式。,[],[],success,"[""_balances"", ""ownerOf"", ""_burn"", ""_mint"", ""_safeMint"", ""_transfer"", ""call{value: amount}"", ""isContract""]","[816, 827, 834, 861, 1001, 1003, 1107, 1302, 1333, 1337, 1339, 1340, 1382, 1427, 1478, 1485, 1494, 1495, 1498, 1509, 1523, 1524, 1528, 1531, 1536, 1546, 1555, 1569, 1590, 1591, 1596, 1604, 1624, 1629, 1635, 1641, 1644, 1646, 1647, 1663, 1704, 1765, 1769, 1773, 1826, 1830, 1831, 1938, 1976, 1979, 2073, 2075, 2116, 2160, 2183, 2184, 2194, 2200, 2201, 2214, 2219, 2232, 2259, 2289, 2322, 2340, 2342, 2343, 2356, 2389, 2405, 2407, 2543, 2576, 2585, 2592, 2776, 2782, 2783, 2784, 2786, 2790, 2791, 2801, 2808, 2809, 2810, 2813, 2817, 2818, 2839, 2872, 2875, 2910, 2911]",0,代码中不存在外部可进入的交互（如 call/send）在状态更新之前发生的模式。sendValue 函数虽有风险但无实际调用；mintPublic/mintWaitlist 等函数先检查 paused 和余额，再执行_safeMint（内部转账），且没有向其他合约发送以太或调用的操作，因此不满足重入漏洞定义。,[],[],success,[],empty,[],empty,[],empty
